{
 "names": [
  "logpt",
  "theta",
  "cosphi",
  "sinphi",
  "asinh_t",
  "asinh_vz",
  "asinh_vr",
  "cosvphi",
  "sinvphi",
  "pdg_gamma",
  "pdg_n",
  "pdg_e",
  "pdg_mu",
  "pdg_other"
 ],
 "mean": [
  -2.31598162651062,
  1.5111401081085205,
  -0.0003828727931249887,
  -0.0015458647394552827,
  3.1630091667175293,
  0.5610406994819641,
  5.308291912078857,
  0.0015153929125517607,
  -0.0031931183766573668,
  0.39820000529289246,
  0.5968899726867676,
  0.004639999940991402,
  3.9999998989515007e-05,
  0.0002300000051036477
 ],
 "std": [
  0.7628509998321533,
  0.5574262738227844,
  0.7069449424743652,
  0.7072668075561523,
  2.4525575637817383,
  7.108431816101074,
  1.0223731994628906,
  0.7070645689964294,
  0.7071401476860046,
  0.4895270764827728,
  0.49052250385284424,
  0.06795933097600937,
  0.006324428599327803,
  0.015164006501436234
 ],
 "latent_scale": 8.561497234636394e-07
}