{
 "names": [
  "logpt",
  "theta",
  "cosphi",
  "sinphi",
  "asinh_t",
  "asinh_vz",
  "asinh_vr",
  "cosvphi",
  "sinvphi",
  "pdg_gamma",
  "pdg_n",
  "pdg_e",
  "pdg_mu",
  "pdg_other"
 ],
 "mean": [
  -2.3162341117858887,
  1.5094327926635742,
  0.002588330302387476,
  -0.00039800768718123436,
  3.1699230670928955,
  0.5653662085533142,
  5.309793949127197,
  0.0030342992395162582,
  -0.0008866361458785832,
  0.39827999472618103,
  0.5968400239944458,
  0.004629999864846468,
  3.5000000934815034e-05,
  0.00021499999274965376
 ],
 "std": [
  0.7629963755607605,
  0.5576902031898499,
  0.7082754373550415,
  0.7059313058853149,
  2.451359987258911,
  7.109431743621826,
  1.019714593887329,
  0.7083866000175476,
  0.7058175802230835,
  0.48954370617866516,
  0.49053236842155457,
  0.06788639724254608,
  0.005915976129472256,
  0.014661301858723164
 ],
 "latent_scale": 8.561497234636394e-07
}