{
  "auc": 0.947124,
  "score_std": 0.3910475628746177,
  "score_range": 0.9976958693005145
}