polarity,z_low_mm,z_high_mm,z_center_mm,number_of_mothers,number_of_photons,c2,c2_low,c2_high,s2,s2_low,s2_high,a2,a2_low,a2_high
MUPLUS,-240000.0,-239000.0,-239500.0,1688,12338,0.003962274631074097,-0.0028182457317033655,0.010850001857221622,0.0005784982864554487,-0.006253890256478329,0.007386535669205251,0.004004282772168476,0.004515182033488844,0.013707585319343272
MUPLUS,-239000.0,-238000.0,-238500.0,1737,13090,0.0051685312943638186,-0.0018126220686827353,0.01203476636746875,-0.009422646377910352,-0.01642899352208012,-0.0031902421707349416,0.010747091723064673,0.007340440152301296,0.01948952474041344
MUPLUS,-238000.0,-237000.0,-237500.0,1814,15203,0.003527951302567676,-0.0025909355588884984,0.010442118855835058,-0.00046136060007022573,-0.008122799793141127,0.00606531780483883,0.0035579901625195816,0.004098479725832758,0.014027039340214782
MUPLUS,-237000.0,-236000.0,-236500.0,1676,11350,0.0128961668148345,0.006153812343911398,0.019378690286297285,-0.004309073582946504,-0.01243458035171106,0.00292175370457376,0.013597030325011637,0.009729658341440421,0.022116618141629397
MUPLUS,-236000.0,-235000.0,-235500.0,1785,12983,0.0020990882693748764,-0.0038956604705349695,0.008532585965370574,-2.9274945030386964e-05,-0.006859436076149406,0.006097623110168923,0.0020992924010327257,0.003949067493559382,0.012953311498039457
MUPLUS,-235000.0,-234000.0,-234500.0,1636,11929,-0.004478053524992432,-0.012441226826029217,0.0017222965857724294,-0.0017369847214615411,-0.009412244212391518,0.005071103835497322,0.004803132237955559,0.005315640301101388,0.016080363642392917
MUPLUS,-234000.0,-233000.0,-233500.0,1676,12497,0.007724567725462044,0.0018201155053107934,0.01432683908148596,-0.007835588870275243,-0.014139612364895596,-0.0021148309820598933,0.011002972302484048,0.00794748516376108,0.019150851009473467
MUPLUS,-233000.0,-232000.0,-232500.0,1695,12976,-0.001377033764443576,-0.008612004789847659,0.004885893441196926,0.001295954164177312,-0.00520986370518029,0.00690009363051519,0.001890957213705842,0.004316160925621944,0.012957146425582104
MUPLUS,-232000.0,-231000.0,-231500.0,1673,12787,-0.0030799277402053958,-0.009781268172287824,0.003990214711944431,0.008919757840877259,0.0018524775891491036,0.015225933155676115,0.009436526629262382,0.006088183251300473,0.017790100736412965
MUPLUS,-231000.0,-230000.0,-230500.0,1743,13455,-0.009070584337881889,-0.016287263170156937,-0.00182219676446,0.0018853404480546564,-0.0046190028790386185,0.008087304655503934,0.009264448652548038,0.006021309854921888,0.01842964166850523
MUPLUS,-230000.0,-229000.0,-229500.0,1660,11860,0.0025082353709367576,-0.003947223278743393,0.00892086689079319,0.01191957485813396,0.004530539908789032,0.0185594624067904,0.0121806202417889,0.007709057638148694,0.019895880520331508
MUPLUS,-229000.0,-228000.0,-228500.0,1697,11511,-0.016219048305801145,-0.02375223909667287,-0.009490484998565385,-0.00830108382297132,-0.015087871089382305,-0.0016476996275318731,0.018219920981769024,0.012832198387383788,0.026544496055793818
MUPLUS,-228000.0,-227000.0,-227500.0,1710,12472,0.004710744110219134,-0.003187853832826446,0.01162139430784572,0.001378520974966271,-0.0053340763011439215,0.007420298947294856,0.004908302165758158,0.004446203783993648,0.014485895459815273
MUPLUS,-227000.0,-226000.0,-226500.0,1683,13545,-0.002443502327854339,-0.009227867449752701,0.004215280835346213,-0.0023773660423673207,-0.009025620073897778,0.004106049538974601,0.003409189482212866,0.004411391606635835,0.013978804044473218
MUPLUS,-226000.0,-225000.0,-225500.0,1752,12346,-0.017409782890281472,-0.024458710845973692,-0.011424602248075524,-0.004169515877620773,-0.010652602897734348,0.0026708909009170024,0.01790210610348596,0.013115604980445485,0.026294724861153154
MUPLUS,-225000.0,-224000.0,-224500.0,1676,11367,0.003237289961769947,-0.003906523157268005,0.009852871433972238,0.021306138082290666,0.014223792801791495,0.029172575443012435,0.021550674381053903,0.015807369626888047,0.030125888733682257
MUPLUS,-224000.0,-223000.0,-223500.0,1707,12656,-0.0015714709389571442,-0.008856028950433664,0.0058924517661054455,-0.0007331481388139013,-0.007714441660553665,0.007303692951025165,0.0017340781716615708,0.00454613067366945,0.014307905001970902
MUPLUS,-223000.0,-222000.0,-222500.0,1754,12144,-0.005245710149173489,-0.012127999972450058,0.0026835569546477976,0.01609183789091716,0.009446871623274823,0.02358311093779846,0.016925268732776416,0.011903142935666591,0.02562720227348687
MUPLUS,-222000.0,-221000.0,-221500.0,1691,12032,0.007292889375812495,0.00012864001874998145,0.01545180223830189,0.006391114374290486,-0.0011058104889187553,0.013348614443935626,0.009697039671626658,0.006012822289940123,0.018853446863376696
MUPLUS,-221000.0,-220000.0,-220500.0,1692,11454,-0.005655853039550492,-0.012407294655238708,0.0017109554634066498,0.006906144281981841,-0.00046332594144758384,0.015295135940092746,0.008926561625202787,0.005454850864597614,0.01934238072953118
MUPLUS,-220000.0,-219000.0,-219500.0,1710,12446,-0.008475486260379148,-0.016452447392803684,-0.001625945459147529,0.0006745541645845788,-0.006093906466868221,0.007938996711122547,0.008502287378748974,0.006141578762135156,0.018691018452463865
MUPLUS,-219000.0,-218000.0,-218500.0,1733,11624,-0.0004432316103119382,-0.0067154958499013664,0.005464159114975138,0.0001916956745909898,-0.007670786915898862,0.007458683714439598,0.0004829094035495773,0.004081985970562342,0.012460194775410771
MUPLUS,-218000.0,-217000.0,-217500.0,1708,12859,0.0051758312000373535,-0.0008551100381288984,0.012759981194362589,-0.00807520605287171,-0.014836705921419308,-0.0013603813486341863,0.009591568245475607,0.006931186821020354,0.018557717277442876
MUPLUS,-217000.0,-216000.0,-216500.0,1686,11808,0.0024392192184422594,-0.005034273967753709,0.008793983307761568,0.002906152366365885,-0.004992455658538514,0.009197565993439625,0.003794141796526864,0.00485089719794211,0.013925893537052671
MUPLUS,-216000.0,-215000.0,-215500.0,1761,12668,0.0043913599862267505,-0.001719692362047547,0.012820606509250598,-0.007568865806768313,-0.014269571265782394,0.0004781130221039632,0.008750529819930903,0.00567385096123763,0.018758007211967187
MUPLUS,-215000.0,-214000.0,-214500.0,1661,12874,0.0028644743403304467,-0.00316810655142911,0.009776173316017251,-0.0063527797720182005,-0.011998124733820751,-0.0005851528760355432,0.006968717534681339,0.005403897582317408,0.014775600959291505
MUPLUS,-214000.0,-213000.0,-213500.0,1648,12631,0.0029621615788437347,-0.003756490986617647,0.009569320676688461,-0.00711726123511899,-0.013540004314025883,-0.0016335877205693773,0.007709073141961068,0.005556851812533666,0.016186738288562725
MUPLUS,-213000.0,-212000.0,-212500.0,1711,13406,0.007490838442690857,0.0005177877170194823,0.013618038738688245,0.00516190290682326,-0.0014536413965447355,0.01178281048852821,0.009097137032823327,0.00591659842024117,0.01679286149824166
MUPLUS,-212000.0,-211000.0,-211500.0,1657,12434,-0.010753482071933492,-0.01727591636538626,-0.004544664801433945,0.00435431573778671,-0.001511013947827228,0.010201933833921518,0.011601613776355945,0.007435273563305771,0.019173131354157068
MUPLUS,-211000.0,-210000.0,-210500.0,1717,12493,0.0021408953616893415,-0.0039683504078463,0.008751603350494982,0.0002502498037976962,-0.006281979393581083,0.006561362045955987,0.002155471622175463,0.003950733929354579,0.012836796431187575
MUPLUS,-210000.0,-209000.0,-209500.0,1730,12528,0.0018840010545369472,-0.005325510567566972,0.008803772423259417,0.006771092699380816,-0.0002513448835496245,0.012995967299552949,0.007028311057224524,0.005406120271671086,0.015609817085953064
MUPLUS,-209000.0,-208000.0,-208500.0,1754,11949,-0.000954219780116568,-0.007536188821169755,0.006030236895037426,0.0007282822754592036,-0.006104166979285413,0.007576403319796427,0.001200387629690404,0.004040052595394029,0.013945888041731469
MUPLUS,-208000.0,-207000.0,-207500.0,1765,12348,0.0015100546445369636,-0.005334636919751309,0.008808860005387898,0.003138528071086009,-0.004411771224992363,0.011058437768792322,0.0034829044607170203,0.004621537241319881,0.01499529460855881
MUPLUS,-207000.0,-206000.0,-206500.0,1719,13154,-0.010866152027413678,-0.017695945013144556,-0.0033656446285390486,0.002183791647204427,-0.00519074234918491,0.00913683308464051,0.01108342031329978,0.007934031094530879,0.019423074363965998
MUPLUS,-206000.0,-205000.0,-205500.0,1703,12560,0.0029042356480574786,-0.004965478259856201,0.009783383026170316,-0.0011564220155030702,-0.007824704361331392,0.005570355321225988,0.003126003291327126,0.004796562149394807,0.014562566833780826
MUPLUS,-205000.0,-204000.0,-204500.0,1729,12264,-0.007244314892586707,-0.014283641530302055,-0.0007414982942393724,-0.0014062300422268527,-0.007850144703768522,0.005777234923087851,0.0073795380068548255,0.005558712951628689,0.016577322785901127
MUPLUS,-204000.0,-203000.0,-203500.0,1806,12847,-0.0002148030992126216,-0.006399532778367229,0.0072524469005440136,-0.003350483105870278,-0.009954847670334738,0.004000930238062017,0.0033573616746119996,0.004255244283363791,0.014111981530741754
MUPLUS,-203000.0,-202000.0,-202500.0,1733,13625,0.002086680463164908,-0.005068328503773562,0.009422639510403915,0.0008486239949391873,-0.006302746220464493,0.008084806863862376,0.0022526424572356487,0.004138883930721865,0.013792431937950596
MUPLUS,-202000.0,-201000.0,-201500.0,1700,12711,0.014081779806486608,0.008108436313406332,0.019744566612430604,0.0032437156950873725,-0.003904812258887728,0.010278741091948207,0.01445054372779551,0.010497907498512073,0.021607743035993228
MUPLUS,-201000.0,-200000.0,-200500.0,1675,13056,-0.0024282593507925464,-0.008745142449223314,0.004169688320872671,0.0021734330591631507,-0.0038590107569739405,0.0079351743127441,0.003258873231252595,0.0038447182875136865,0.012795280158954562
MUPLUS,-200000.0,-199000.0,-199500.0,1788,13885,-0.0065404588810541375,-0.013078104210458626,-9.292672848271702e-05,0.0017874800975271334,-0.005031927671148503,0.008731697732813891,0.0067803161780123165,0.005096370429327934,0.01545015159887093
MUPLUS,-199000.0,-198000.0,-198500.0,1682,12451,-0.0019883594622610522,-0.008226509810323168,0.004262401394543793,0.004148716546097367,-0.002231546172078398,0.010895474489487257,0.0046005893460539515,0.004207485608325966,0.01358580968683705
MUPLUS,-198000.0,-197000.0,-197500.0,1642,11865,0.0018015351244320137,-0.005600044247560681,0.009037269636023419,-0.008708630819347793,-0.014354661062942434,-0.0019230635475881983,0.00889301858494946,0.005894519526635333,0.016923404276711265
MUPLUS,-197000.0,-196000.0,-196500.0,1747,12808,0.002121665069549172,-0.004505942516782919,0.008091684755174152,0.006108424587727314,-0.0011456453173937272,0.013108793565535341,0.006466398813195541,0.004871201103839256,0.015740492843730306
MUPLUS,-196000.0,-195000.0,-195500.0,1722,12908,0.004867491592909894,-0.001218753449131948,0.011090377045779719,0.0003741382195203001,-0.006125879646614078,0.007941598043194546,0.004881849425612625,0.0046087038671161415,0.014565402102984567
MUPLUS,-195000.0,-194000.0,-194500.0,1734,13940,0.002263609788938025,-0.003914820116274923,0.008834402475572106,0.007827052260956924,0.0009265961749469071,0.014378824112871868,0.008147801935020692,0.005786623843275361,0.01644686310248841
MUPLUS,-194000.0,-193000.0,-193500.0,1711,12079,0.008030758287037917,0.0005622679956991351,0.01525758490753038,0.004397178849473212,-0.0019189271394972642,0.011468141557336777,0.009155777438267202,0.006185582617081901,0.018780690936701185
MUPLUS,-193000.0,-192000.0,-192500.0,1781,11758,0.005297575094717509,-0.0011579656093968123,0.01265267594702336,0.006849300237441131,0.000729264517736994,0.01429110986279398,0.00865893848152199,0.007014566845301315,0.018657991999080345
MUPLUS,-192000.0,-191000.0,-191500.0,1717,12892,-0.00023880927485040167,-0.006218921917646552,0.0073060668921864245,-0.00706758260939189,-0.013082064784275137,-3.1436865199651515e-05,0.007071616067797604,0.005132112466302353,0.015591873600880183
MUPLUS,-191000.0,-190000.0,-190500.0,1711,13153,0.007380398335130535,0.0011570941873567827,0.013556588257628316,-0.0068707845237984694,-0.013609888590440862,-0.0002466780787719561,0.010083548956476888,0.006801548156118355,0.018283524426222872
MUPLUS,-190000.0,-189000.0,-189500.0,1678,13741,0.002082883843701851,-0.004140554081895928,0.009076297564184562,-0.0011083264297835006,-0.007410308860820333,0.005396421519156494,0.0023594051329330528,0.004022565201058785,0.01272046375354948
MUPLUS,-189000.0,-188000.0,-188500.0,1671,12421,0.006550311122985482,0.00028527592740327867,0.012012355886936874,-0.0038473827117187533,-0.0108019169921499,0.003288883139113294,0.007596639358185939,0.005498288785858174,0.015677724778838484
MUPLUS,-188000.0,-187000.0,-187500.0,1739,13235,-0.003099834281583664,-0.009162488424951667,0.002914751400930163,-0.0036607257279035127,-0.00929469211118552,0.0021683117786150427,0.0047968620397313925,0.0036971356886026908,0.013525427505180682
MUPLUS,-187000.0,-186000.0,-186500.0,1721,13975,-0.003596363759355758,-0.00993445150580901,0.002871499946962024,-0.0022478271753694143,-0.008298677571980953,0.0030182325295559334,0.004241056389620011,0.003788930228293118,0.013221772520008751
MUPLUS,-186000.0,-185000.0,-185500.0,1681,11355,-0.009528646059536763,-0.016334389028839286,-0.003076899060430604,-0.0056567571629067386,-0.012852949163941797,0.0018480222843645356,0.011081245296807672,0.007210690985722375,0.019912629869444084
MUPLUS,-185000.0,-184000.0,-184500.0,1759,13212,-0.00451523553869738,-0.011247789300712413,0.0023345656067979338,-0.005659992421395491,-0.012686691456203296,0.00046764654051984633,0.007240363677341782,0.005460039029066618,0.0162749507045062
MUPLUS,-184000.0,-183000.0,-183500.0,1650,12294,-0.0018179392892431806,-0.01068447097057902,0.0059347374192437975,0.006720335892837573,-0.0007469921403510555,0.012906305065340547,0.00696188320585278,0.005448410076511325,0.016968433831739082
MUPLUS,-183000.0,-182000.0,-182500.0,1655,12107,0.010559282058525113,0.004069254965811593,0.017088322420151902,-0.0010492906491131957,-0.008179261087635075,0.006148629953815246,0.010611288727473528,0.007233532868252135,0.019520608891872012
MUPLUS,-182000.0,-181000.0,-181500.0,1707,11579,0.0021860294188686125,-0.005545521254398712,0.009327830112633387,-0.005950111967967284,-0.013039713674857047,0.0014383462338045186,0.00633897129284449,0.0054256332717880825,0.01613137977939244
MUPLUS,-181000.0,-180000.0,-180500.0,1648,12502,-0.012291483275946737,-0.019246797613572286,-0.004796583012757052,-0.0056432079432270936,-0.011037135700640601,0.000953215514019282,0.013525027061465706,0.008937244051609252,0.02149182541623815
MUPLUS,-180000.0,-179000.0,-179500.0,1741,13716,0.0008173098918809251,-0.005670551090615067,0.007031286784771655,-0.00014715269276650565,-0.007059046832505896,0.006678964727465197,0.0008304513076363016,0.004098050866206101,0.012463664809051494
MUPLUS,-179000.0,-178000.0,-178500.0,1679,13092,0.0013871995535588426,-0.005615974388624743,0.007749401770039615,0.001105586107946349,-0.006140787642475092,0.007916700421282006,0.001773878023844314,0.004347961144655758,0.013634146003009452
MUPLUS,-178000.0,-177000.0,-177500.0,1662,12951,-0.00762274424880434,-0.014045736025894522,-0.001839941916062572,-0.007512054749105692,-0.01389096809822284,-0.0014938196929582207,0.010702205213704371,0.007404201671572165,0.018545829924567162
MUPLUS,-177000.0,-176000.0,-176500.0,1629,12719,-0.01557342233258384,-0.022999810771386065,-0.008007528479917154,-0.002284479985608202,-0.008717892541904812,0.004075866822933249,0.01574008678354937,0.00976718102152975,0.024240048381563177
MUPLUS,-176000.0,-175000.0,-175500.0,1709,11656,0.00590184747417596,-0.001218756788724956,0.01272845890503667,0.010491608226377635,0.0034185011094328616,0.017847474344617958,0.012037676137204889,0.008141012463020002,0.02124717799886291
MUPLUS,-175000.0,-174000.0,-174500.0,1752,12212,-0.010630555206873213,-0.01825327498866851,-0.0031065986728246574,-0.005339036398270778,-0.012931040027045352,0.0013092097992041223,0.011895966277206715,0.0072055399538152425,0.021194268046227965
MUPLUS,-174000.0,-173000.0,-173500.0,1719,12951,-0.003966130943681713,-0.01099489022302737,0.0030469044869739902,0.0011798535651449226,-0.005273777264254443,0.0081035479450628,0.00413790394978119,0.004519379334972522,0.013760501812797544
MUPLUS,-173000.0,-172000.0,-172500.0,1707,13870,0.005380664140439235,-0.0010803817226205691,0.01147739162324948,0.005087887321852107,-0.0018257213799892562,0.011137631523095716,0.007405278117131867,0.005574534699790718,0.01562108251100847
MUPLUS,-172000.0,-171000.0,-171500.0,1637,11986,-0.0004923948429931284,-0.006915760012564234,0.006877039761047207,0.009147505630828421,0.002328662031106066,0.015454332478070891,0.009160748438170534,0.006020927283634019,0.01740605641053109
MUPLUS,-171000.0,-170000.0,-170500.0,1641,13859,0.000653352669539002,-0.007274606151645886,0.007807909018053249,0.011843060105050516,0.0058269425282160715,0.016835215907680934,0.011861068348282666,0.008411892085439342,0.019246272600186673
MUPLUS,-170000.0,-169000.0,-169500.0,1758,12361,0.014499026486118956,0.007564654512992142,0.02196742176419723,0.010764015247899418,0.004923141667054295,0.018038001131832907,0.01805784575474578,0.01348431521568675,0.02652023872378449
MUPLUS,-169000.0,-168000.0,-168500.0,1783,14290,0.004188510700975825,-0.0035245089274172138,0.010149372297765488,-0.008705050141844368,-0.014716513956386538,-0.002950418795446556,0.009660306406331719,0.0066000742840032,0.017428562003130404
MUPLUS,-168000.0,-167000.0,-167500.0,1747,12018,-0.004823315862769813,-0.010730972749156926,0.0017260517870498556,-0.0012655349839612118,-0.007899330257514062,0.004950834321517793,0.004986577454294339,0.004064845139199396,0.014117521945989047
MUPLUS,-167000.0,-166000.0,-166500.0,1671,12514,-0.005997090397035015,-0.013193066919113457,0.0001185186010651787,-0.00709283353397486,-0.013760578606234081,5.7671774376148e-05,0.009288346503597285,0.0063416159163135425,0.017978502022765224
MUPLUS,-166000.0,-165000.0,-165500.0,1695,12091,-0.0071345716427175555,-0.014097218524527956,-1.0736753853118013e-05,-0.00745449120885591,-0.014708794872288523,-0.0011536880805406056,0.010318505303966245,0.00718737115192991,0.019449098265234114
MUPLUS,-165000.0,-164000.0,-164500.0,1684,13030,0.0033858213363328034,-0.002835422311692388,0.009880271500752113,0.0069638266097523955,-0.000767664082607262,0.0146843238650712,0.00774329821021133,0.0056904836366582215,0.016876197479164023
MUPLUS,-164000.0,-163000.0,-163500.0,1743,12702,-0.006866879998664305,-0.013665942698775035,0.00029341951180284626,0.009472540369955859,0.0027412791102876034,0.015363678773415051,0.011699703499512258,0.0075935771198187224,0.019579309895790542
MUPLUS,-163000.0,-162000.0,-162500.0,1666,11262,0.0024148328662272228,-0.004054047494309587,0.009591990243596088,-0.011792936637026817,-0.020133232099886683,-0.00406617564788374,0.012037639814213606,0.007772451141961073,0.02155432570304296
MUPLUS,-162000.0,-161000.0,-161500.0,1704,13472,0.005176932710184481,-0.0008849615989313648,0.011282450921487462,0.00595747948646108,0.0003281476087480865,0.011614289615710188,0.007892540409613536,0.004819699306479207,0.014839986610755421
MUPLUS,-161000.0,-160000.0,-160500.0,1696,11491,0.002809976244095031,-0.004302066728834689,0.009216619683361654,0.00963830156781956,0.0023020239723260303,0.016921596656153295,0.01003956291900257,0.006377421366841181,0.01907118591502381
MUPLUS,-160000.0,-159000.0,-159500.0,1705,12639,-0.0005309709244788184,-0.006678071469581039,0.006240269374283293,-0.006878842152689181,-0.01347275664677782,0.00011764770370775294,0.006899304275378455,0.005151866179039853,0.0161103078556268
MUPLUS,-159000.0,-158000.0,-158500.0,1644,12614,0.004768404929924207,-0.0028852474927383016,0.01162643715099627,-0.004186175475202607,-0.011183201696812287,0.0021195338081119357,0.006345214786349887,0.005074261536170276,0.01583455303262923
MUPLUS,-158000.0,-157000.0,-157500.0,1775,12831,0.009827979407075964,0.0027975311306154857,0.015885331755319892,0.007571143683875654,0.00032176534876321325,0.013999959443522699,0.012406103171737667,0.00786848837219503,0.01999134870969088
MUPLUS,-157000.0,-156000.0,-156500.0,1752,13869,0.010046508153933199,0.0019453336037580109,0.0175105699597216,0.0027775961903410045,-0.0038652935735094093,0.009380690053772995,0.010423404754860243,0.006719962037527277,0.019212368880748978
MUPLUS,-156000.0,-155000.0,-155500.0,1685,12418,0.009737028897928126,0.00254333484303174,0.016349841473793505,-0.017583991417474357,-0.024902656179373706,-0.010467924289767666,0.02009991258510592,0.014881905664608253,0.027907327167929152
MUPLUS,-155000.0,-154000.0,-154500.0,1651,12498,-0.00472472877619257,-0.01207728968124738,0.0026031741850278435,0.009651118329466305,0.0030811955044075753,0.01617522459785832,0.010745564062344174,0.007882047696772077,0.01902456996909051
MUPLUS,-154000.0,-153000.0,-153500.0,1662,12834,-0.0031018590467925267,-0.009698373795666064,0.003872493032279426,-0.0065491761515246725,-0.014760165916988971,0.001299786593009894,0.007246601811184892,0.005124796967408083,0.017044255627309608
MUPLUS,-153000.0,-152000.0,-152500.0,1681,11512,0.0013987824829790533,-0.005554921141690406,0.008369838794336913,-0.006375723733916648,-0.014000979548366571,0.0012951348522046242,0.006527361301928758,0.0050205295126736355,0.016547029199989613
MUPLUS,-152000.0,-151000.0,-151500.0,1745,12289,0.0031754769023814465,-0.0037557040369734164,0.009989524563802867,0.00989857924992719,0.003185073976580077,0.01640860868584142,0.010395456927170022,0.006641671724824743,0.018904487562058
MUPLUS,-151000.0,-150000.0,-150500.0,1692,13293,-0.007082490701654598,-0.014665180578947563,-0.000824217728478026,0.0015064139056575,-0.005292573131275609,0.007649234824221493,0.007240922413213811,0.005227466424981991,0.016208442513911674
MUPLUS,-150000.0,-149000.0,-149500.0,1816,12053,-0.010684711231618663,-0.01753923932138068,-0.004014808666050907,-0.00033270340644206816,-0.006861787188570841,0.006536427161178182,0.010689889880617861,0.007009227345679118,0.019405433130918255
MUPLUS,-149000.0,-148000.0,-148500.0,1647,11795,-0.015536340383360547,-0.021023691093144836,-0.00948682147871758,0.0031622039555407543,-0.003881082788205983,0.01154919486827547,0.015854885883035467,0.012182909774055287,0.0231797991779215
MUPLUS,-148000.0,-147000.0,-147500.0,1624,10944,0.0020329170927231234,-0.00453287624183465,0.009419988633801097,0.009476305111210108,0.0025513783726390763,0.016976077812770638,0.009691909536651312,0.006366614144629562,0.019156355163960418
MUPLUS,-147000.0,-146000.0,-146500.0,1734,12787,-0.01468121535650985,-0.02102955023966797,-0.00726386520428423,0.003775924108484604,-0.0033083434324221376,0.010496121984935018,0.015159013398544639,0.009628056929207674,0.022899730550805346
MUPLUS,-146000.0,-145000.0,-145500.0,1658,11491,-0.0002768509217279488,-0.007286612856195921,0.006605988436761695,-0.005927440892308878,-0.01365064884787921,0.0008477806738551151,0.0059339027599613625,0.004726828068529597,0.015657696119226905
MUPLUS,-145000.0,-144000.0,-144500.0,1780,13944,0.014544023344890107,0.007065603577852839,0.020862850575024364,-0.005951999536831653,-0.012604320973083656,0.0004604033197909127,0.015714799188763205,0.01042185866811874,0.02357271920286091
MUPLUS,-144000.0,-143000.0,-143500.0,1776,13897,-0.007494826670617253,-0.013163194219920958,-0.0014124462185916657,-0.001586385796629388,-0.007673053732307235,0.00423020915441614,0.007660877672848142,0.005443369132871458,0.015220257892145594
MUPLUS,-143000.0,-142000.0,-142500.0,1753,11925,-0.004404354200925897,-0.01089634523964176,0.002595666335561307,-0.006784537410127979,-0.014171849688082494,0.0011826396354456886,0.008088775172833008,0.00542991067288242,0.017031411155868603
MUPLUS,-142000.0,-141000.0,-141500.0,1724,13030,0.013918929386797271,0.007907772128141937,0.020846286825856406,0.007857887098690869,-6.88121961485764e-05,0.01519870559980715,0.015983835113339385,0.01173939025045152,0.025006193660926
MUPLUS,-141000.0,-140000.0,-140500.0,1680,12071,0.001697107702145415,-0.00500439589182043,0.009138776810428637,0.010298370189778097,0.0022065000194124015,0.018144148729233617,0.01043726990732689,0.006840464386590411,0.020504379042514283
MUPLUS,-140000.0,-139000.0,-139500.0,1756,13236,-0.009629648016990101,-0.015907748090641056,-0.002804614444795599,-1.250976879329558e-05,-0.007703103486195256,0.006935722191795975,0.009629656142637527,0.006412339796441561,0.018308045535953967
MUPLUS,-139000.0,-138000.0,-138500.0,1673,11779,0.006374972691535937,-0.000822704107823077,0.013812021461786943,-0.004930369261609914,-0.012527758071738455,0.002306573774861327,0.008059082942472848,0.006342999709938276,0.017458370215760015
MUPLUS,-138000.0,-137000.0,-137500.0,1714,11391,-0.0001639217545882001,-0.007114179149562621,0.00645932843037249,0.01436664940287778,0.007620043045022225,0.02129921184054729,0.014367584536268989,0.010165702102170568,0.02311858037373673
MUPLUS,-137000.0,-136000.0,-136500.0,1760,13509,0.0016727804825047634,-0.004039363934334526,0.008179339034604686,0.009908707248295888,0.004306872779885224,0.015193872133088777,0.010048914064468874,0.0066991208604973585,0.016943236636961602
MUPLUS,-136000.0,-135000.0,-135500.0,1713,12100,0.002884970751513096,-0.003701513175667453,0.008752381422104976,-0.003329887368343121,-0.01078614569506387,0.0031889578444538455,0.004405815035034621,0.0046467887587077275,0.014152212105363925
MUPLUS,-135000.0,-134000.0,-134500.0,1716,13283,-0.004458282449075817,-0.011354744458449698,0.003401449748543131,0.007375104514220941,0.001432665473489602,0.013914705950657304,0.008617914422377353,0.00574061551717704,0.017710298284964163
MUPLUS,-134000.0,-133000.0,-133500.0,1772,11892,-0.001667251161958393,-0.008964552452539527,0.005360449152953005,0.009254169491709093,0.001375085745560975,0.016548399529587487,0.0094031579492387,0.0061835774007569485,0.018462108139463522
MUPLUS,-133000.0,-132000.0,-132500.0,1690,11414,-0.01289382523549543,-0.019838240906410225,-0.005420679495105989,0.007759397321242323,0.0009001611776518059,0.014048564003822895,0.015048553950210675,0.010139727119486413,0.0229169337080615
MUPLUS,-132000.0,-131000.0,-131500.0,1748,12971,-0.00863933876282756,-0.015285899535225817,-0.002136262519937682,-0.0009307128074699318,-0.00751007930955737,0.005796227907094889,0.008689326820236617,0.005818628595323058,0.01701410101040114
MUPLUS,-131000.0,-130000.0,-130500.0,1743,13602,-0.0038707352660274836,-0.011241960916873248,0.003923634665866219,-0.004644871792370229,-0.011162808614439065,0.00038463898728212403,0.006046273684446105,0.005248332748459142,0.015960001566943403
MUPLUS,-130000.0,-129000.0,-129500.0,1795,11608,-0.0007938145351428032,-0.0077972678214550005,0.006117592335504405,-0.009017534788667465,-0.017304307100759694,-0.001456657688907463,0.009052407148434718,0.0060768545933040175,0.019202622323091962
MUPLUS,-129000.0,-128000.0,-128500.0,1693,13313,0.0017152982324202329,-0.005652833431427517,0.008995334944265064,-0.000185888960610957,-0.00662751443203503,0.006308219303993439,0.0017253413377708764,0.003918473561732083,0.013328894507315935
MUPLUS,-128000.0,-127000.0,-127500.0,1736,13991,0.005929887028197046,-0.0002753401884458406,0.011716368237586995,0.006181118587479715,-0.0008211994305943438,0.012826137475363004,0.008565616566229593,0.005139481763026523,0.01644075376028321
MUPLUS,-127000.0,-126000.0,-126500.0,1673,10530,0.00906894904155974,0.0017450083908942275,0.017166338924389072,-0.0022759313163146565,-0.009431324148601055,0.005148150960016502,0.00935017112543878,0.006545692254333355,0.019040309253912514
MUPLUS,-126000.0,-125000.0,-125500.0,1644,12117,0.0028340777266122404,-0.0028196666911736823,0.009700292659104598,0.004967678947613031,-0.0019783618816264815,0.011506110290963129,0.005719250885127992,0.004792214019526437,0.015218619465779933
MUPLUS,-125000.0,-124000.0,-124500.0,1731,12001,0.0017060058824408166,-0.00523731864162156,0.008966102520055952,-0.004358586356207387,-0.00998890004104082,0.0036332642814850707,0.0046805695268246844,0.004757367524414994,0.014818463592020093
MUPLUS,-124000.0,-123000.0,-123500.0,1708,12100,-0.00037360754716719987,-0.007131755698342049,0.005239371852152549,-0.0026105467859229405,-0.009935629166302064,0.005559947821187015,0.002637145638904474,0.0042778141681726126,0.013836729660493697
MUPLUS,-123000.0,-122000.0,-122500.0,1716,14071,0.002814120302164706,-0.00451817614309726,0.008195035292448796,0.0013419261635091416,-0.00551080473481076,0.0060222891941446284,0.0031176976927479575,0.0038099551903047935,0.01194543580845088
MUPLUS,-122000.0,-121000.0,-121500.0,1695,13599,0.005838947305920237,-0.0011085186157713468,0.012924105901608775,-0.005474940817405249,-0.011163494121270568,0.0016770064405501287,0.00800426652451074,0.005104617089992775,0.01694057381638988
MUPLUS,-121000.0,-120000.0,-120500.0,1688,11973,-0.001305413616610474,-0.009274397849537805,0.0063904598037276385,0.01580851990879907,0.008440783593037493,0.02211626305334788,0.015862326639472804,0.010727326994895989,0.023630267444742798
MUPLUS,-120000.0,-119000.0,-119500.0,1717,12244,0.0003325494801156078,-0.00579610417627212,0.008014017234034517,-0.00868174045296564,-0.01494844122579377,-0.0014436270890942412,0.00868810718450142,0.005899400311581786,0.017001316771202646
MUPLUS,-119000.0,-118000.0,-118500.0,1694,11986,0.004109821720169732,-0.0036673669691228944,0.011007117529446183,0.0031280222264873604,-0.004058258844899268,0.010174261684296184,0.0051647998626256405,0.004896791354105486,0.015415395731783924
MUPLUS,-118000.0,-117000.0,-117500.0,1707,12222,-0.0036218482234208287,-0.009765405737886477,0.0024502586134635598,-0.0163910669291859,-0.022994648610906707,-0.010494679720747963,0.01678644869025454,0.011938867887894103,0.024361984015588905
MUPLUS,-117000.0,-116000.0,-116500.0,1672,11726,0.0035430976589975955,-0.002916787696366513,0.01077029262953444,0.007481483548608791,0.000778770893484024,0.014076725868427793,0.008278051528548143,0.0064237732660158715,0.01756111376284887
MUPLUS,-116000.0,-115000.0,-115500.0,1709,12607,-0.01175574666326985,-0.019781146631284167,-0.004681948138938094,0.005744324897146685,-0.0009751554220941267,0.012246343776609499,0.013084144914168426,0.00820378654511362,0.022155721134396806
MUPLUS,-115000.0,-114000.0,-114500.0,1649,12592,0.0007600477111145145,-0.006670282163674358,0.007771293130655762,-0.0023497438098289028,-0.008837253080089282,0.004352023613046109,0.002469608976133602,0.004336398209976078,0.013762784272056478
MUPLUS,-114000.0,-113000.0,-113500.0,1677,12264,-0.0034964234326203226,-0.010247558714658538,0.002639516911173122,-0.002124897666265515,-0.009296168994317485,0.00476069217807478,0.0040914749067148285,0.004542202866686036,0.014630087160092184
MUPLUS,-113000.0,-112000.0,-112500.0,1732,12751,-0.01173957458038341,-0.018483706625494728,-0.005618872401455976,-0.009682952208015771,-0.01643293344465771,-0.0032988758133440637,0.015217659964367117,0.010578750304106798,0.023463930396839028
MUPLUS,-112000.0,-111000.0,-111500.0,1675,11965,-0.0009804214529758899,-0.008135845058438713,0.0069691808009361925,0.008532156760189405,0.001557668157089102,0.01543923821557224,0.00858830164851591,0.006399229786226075,0.018057401933660927
MUPLUS,-111000.0,-110000.0,-110500.0,1679,11606,-0.0012915609028854571,-0.007847515843968806,0.004643541466440363,-0.014031028176302151,-0.0212071900248506,-0.0068245157373131565,0.014090347094732874,0.009264189657484958,0.02227076317653435
MUPLUS,-110000.0,-109000.0,-109500.0,1755,12855,-0.002579958706004118,-0.008820085481516055,0.002948034010203949,0.0015155223167780583,-0.005691188863827242,0.008518217507675055,0.0029921555469826057,0.004192678230446334,0.013143715474703142
MUPLUS,-109000.0,-108000.0,-108500.0,1779,13383,-0.002622361535682589,-0.009351264120084702,0.004444961267049737,0.0004255834301056778,-0.007038287934805739,0.0069795456704228095,0.0026566710898807294,0.0041470953453598,0.013149558672214182
MUPLUS,-108000.0,-107000.0,-107500.0,1646,11402,0.00444206002092753,-0.0024493350823069637,0.01156553399061437,-0.004518273106589211,-0.012269838321382625,0.002590334057916893,0.006336141498992112,0.0049355139448495474,0.016277339765174616
MUPLUS,-107000.0,-106000.0,-106500.0,1776,12507,0.007138422263197097,0.0009270148487154836,0.014322971296106827,-0.004274440934911018,-0.010636966377965044,0.0016216092467870185,0.008320331586766897,0.005769415922820671,0.016799977033558577
MUPLUS,-106000.0,-105000.0,-105500.0,1673,10228,-0.008521835004220216,-0.01524126573188699,-0.0011139332095247414,-0.011178054531747503,-0.018603819508047913,-0.004191163468156497,0.01405598004245431,0.009384069697056291,0.02322475751407942
MUPLUS,-105000.0,-104000.0,-104500.0,1729,14895,-0.003750252715606031,-0.010841638464235921,0.0017775701080700818,-0.00555824834159364,-0.011712542593163672,0.0009165734365351003,0.006705111487345968,0.004981196209414455,0.015232020647466022
MUPLUS,-104000.0,-103000.0,-103500.0,1757,12762,0.00415202244059881,-0.0027778189893957637,0.010946317975191631,0.0032875891035951525,-0.0031834196904493915,0.009061011430234552,0.00529599211303356,0.004813985383266743,0.014575575833288928
MUPLUS,-103000.0,-102000.0,-102500.0,1682,13061,-0.010398693924663773,-0.01647181116532099,-0.004728513520790915,-0.00014267763381397945,-0.006256070844475809,0.007506010386659955,0.010399672698985772,0.007154131289249966,0.018029630970441284
MUPLUS,-102000.0,-101000.0,-101500.0,1688,11394,0.006755813863503397,-0.00047926331687953114,0.013607644088632216,-0.017114920133969362,-0.02441432010285418,-0.00979672432707016,0.01840004109099908,0.012742583081758534,0.02663679111619466
MUPLUS,-101000.0,-100000.0,-100500.0,1711,12683,-0.005374030394898248,-0.013133016755977856,0.002557781497348323,-0.0036468418362978617,-0.011396534795773737,0.003421477724923078,0.006494586827833051,0.005284432572203548,0.016635175337189455
MUPLUS,-100000.0,-99000.0,-99500.0,1693,13209,0.00014290507732879018,-0.00629738478263827,0.006870461773629919,-0.00501041173750447,-0.011689456949355517,0.0014970869805677816,0.005012449265623435,0.004866097674685567,0.014575915389816722
MUPLUS,-99000.0,-98000.0,-98500.0,1701,11656,0.009281662060909154,0.0019001071593423636,0.01670558338835484,0.0009647439101765508,-0.006524324042391846,0.007893763727847124,0.00933166552257115,0.006439396184721366,0.018556817967083077
MUPLUS,-98000.0,-97000.0,-97500.0,1726,12798,-0.008294872592682705,-0.01467998956801541,-0.0015760524766365548,0.01058826567659841,0.003176482230782735,0.017772301423315786,0.013450512308721579,0.008778550913972703,0.021384089276421787
MUPLUS,-97000.0,-96000.0,-96500.0,1755,12657,-0.0019463171561031323,-0.009965070624826695,0.00490308646718293,-0.010828108430204219,-0.018149016221030594,-0.0037820753808376303,0.0110016399981276,0.007358190876164766,0.020393699334309488
MUPLUS,-96000.0,-95000.0,-95500.0,1776,11839,0.018629461893837972,0.011698449103331874,0.026483263354022235,0.01282592365278791,0.006474613304880008,0.01962874532728748,0.02261771801046926,0.016566061669541478,0.03089194227370241
MUPLUS,-95000.0,-94000.0,-94500.0,1715,11736,-0.00438899347397991,-0.012760825275668946,0.0037069917368609826,-0.016352111228370162,-0.022931958072776155,-0.008857806302707247,0.016930883182504915,0.011864293376422955,0.025709933434008892
MUPLUS,-94000.0,-93000.0,-93500.0,1778,14620,0.0031980341441746832,-0.0028773005296146613,0.010206599592108184,-0.0027229641514816398,-0.008273062028024608,0.002594744666835374,0.0042002328694444105,0.004005517775055134,0.013392800713761354
MUPLUS,-93000.0,-92000.0,-92500.0,1745,12912,-0.004365346981465127,-0.011274383125156063,0.0024229177217780073,0.00036846609681619554,-0.0062321224419525185,0.006731987592292128,0.004380869951629431,0.00393013598261108,0.014604217986168178
MUPLUS,-92000.0,-91000.0,-91500.0,1685,12337,-0.0016093045887409605,-0.007600494673549875,0.004637694130733719,-0.003701147666368928,-0.01090091945474695,0.0033561511877243672,0.004035883460608207,0.00427205964486277,0.014098417247995782
MUPLUS,-91000.0,-90000.0,-90500.0,1689,11127,0.009561293331092255,0.0025932735986670345,0.016106480655033045,-0.0001999831372854983,-0.0067259524802739164,0.007206233003313609,0.009563384516915952,0.005908833391184897,0.018502643907149133
MUPLUS,-90000.0,-89000.0,-89500.0,1705,12711,0.009195488326407625,0.003195582185202695,0.016743640132613372,-0.0023750303265126574,-0.009288531738210797,0.005106411431682856,0.009497250897652106,0.006268675222495744,0.018855790621509747
MUPLUS,-89000.0,-88000.0,-88500.0,1682,11587,0.010019949305770192,0.0029933480296812634,0.016755344030458575,-0.0040038937872999255,-0.01158872444934959,0.0024439744460102203,0.01079029886287602,0.007264097857894124,0.019655771099959442
MUPLUS,-88000.0,-87000.0,-87500.0,1723,12701,0.0023458978036991164,-0.004323220590013983,0.010070130761031281,0.0005185034497486656,-0.007066252148159541,0.006752103391501114,0.002402515834037646,0.0046646351782248414,0.013986921811528075
MUPLUS,-87000.0,-86000.0,-86500.0,1738,13559,-0.010294734946779734,-0.016713659030110975,-0.003800274408124134,0.0017990243685452123,-0.00559858055985409,0.008990180452814496,0.010450744294215003,0.007039372830797144,0.01902318612506468
MUPLUS,-86000.0,-85000.0,-85500.0,1651,12521,0.0008643010331892803,-0.005856748909873473,0.007814204869306703,-0.005035035246840894,-0.012526391332486182,0.0017972649818821787,0.00510867851923589,0.005180809533667002,0.01496806301658821
MUPLUS,-85000.0,-84000.0,-84500.0,1750,13333,0.0014447544418625536,-0.005090627515962939,0.008598241197357092,-0.004420084709627145,-0.011128011572202584,0.002613539179036287,0.004650211203543476,0.004483561676187633,0.014910283130763972
MUPLUS,-84000.0,-83000.0,-83500.0,1677,11159,-0.0005340010992961826,-0.00657403716572014,0.006804391922401785,0.001829653370211322,-0.004837356356333698,0.00836055666645239,0.0019059875731953712,0.00407310224852261,0.013051446593523034
MUPLUS,-83000.0,-82000.0,-82500.0,1700,13107,0.002090031196072574,-0.006118823512898059,0.008836598865943665,-1.4356390232977884e-05,-0.0066767984365200626,0.006460982624906561,0.0020900805023962776,0.004705555194352854,0.014302715578703615
MUPLUS,-82000.0,-81000.0,-81500.0,1670,12028,0.006849384144211201,-0.00018247977236161625,0.013272548262330834,0.0025375970450805556,-0.003942963917639083,0.00927052934063316,0.007304345413394233,0.004899065200291764,0.01634625910407272
MUPLUS,-81000.0,-80000.0,-80500.0,1737,12375,0.0012686640328258474,-0.0049282586588377895,0.008799378626524005,-0.00042231472231908656,-0.00725033334688321,0.006300479826275363,0.001337108130583832,0.004091315953077054,0.013199824478353085
MUPLUS,-80000.0,-79000.0,-79500.0,1734,11582,-0.0005484934485609624,-0.007463247126965251,0.007194665873985335,0.002157204478835054,-0.004955365046844578,0.009307799671350193,0.0022258428126487985,0.004422125038781751,0.014116966649543932
MUPLUS,-79000.0,-78000.0,-78500.0,1728,13508,-0.002332787602766177,-0.009008745823510632,0.0038054194038075963,-0.009811198980603217,-0.016554358809656545,-0.002822649147413938,0.010084717320609893,0.006184662612512768,0.01845951403976466
MUPLUS,-78000.0,-77000.0,-77500.0,1691,12638,0.0027029996696177495,-0.0032863821609847394,0.00923563647548016,-0.005789153644080689,-0.012455719764396871,0.0009887291646200741,0.006389092825176856,0.004579869111570603,0.015846308649494163
MUPLUS,-77000.0,-76000.0,-76500.0,1686,11376,0.004626576898312464,-0.002358772957095564,0.01289490456564152,-0.000508554239829635,-0.006630015821677334,0.006118002314973347,0.004654443168720323,0.004532262935015431,0.014577775875841097
MUPLUS,-76000.0,-75000.0,-75500.0,1749,12399,0.00514848265985766,-0.0020720272943240575,0.012445647142114916,0.003410780929962591,-0.004259294116781192,0.010938466169915097,0.006175783371447826,0.005291476146359902,0.01730048230660285
MUPLUS,-75000.0,-74000.0,-74500.0,1675,11937,-0.004584047656162243,-0.012012362811731896,0.002013352271214098,0.004907475744923006,-0.0022485548397182375,0.011165771412121753,0.006715415929112222,0.004886001433130337,0.01616693507695744
MUPLUS,-74000.0,-73000.0,-73500.0,1715,12505,0.0005139760355394268,-0.0058840390167681595,0.007125379576385805,-0.004674420468856907,-0.012026557685649806,0.00212833909966159,0.004702592698158883,0.0048046109608771296,0.0143511899543764
MUPLUS,-73000.0,-72000.0,-72500.0,1769,12615,-0.012654601317728456,-0.020200942152101126,-0.006504808838028034,-0.0014923513313275913,-0.007367920687398771,0.004961342433855933,0.012742293632104466,0.008307870063132371,0.021229629803493234
MUPLUS,-72000.0,-71000.0,-71500.0,1732,12581,0.0016845202506611595,-0.004782920097209705,0.008374757233575041,-0.006482053016542959,-0.014323139668577308,0.0005933025162032564,0.006697359164936669,0.0051653253239538795,0.01659257016940604
MUPLUS,-71000.0,-70000.0,-70500.0,1720,14114,-0.011722667583127792,-0.017920738086300486,-0.005928550726677966,-0.004237351873327367,-0.010554950078157608,0.0025962479949208596,0.012464994430921585,0.009436409326175886,0.019900341445472532
MUPLUS,-70000.0,-69000.0,-69500.0,1698,13216,0.00974480474151256,0.0026605717681420305,0.016521445271341563,-0.003389721854706569,-0.009885474604679931,0.0031470819580091984,0.010317530407150784,0.006438439314271541,0.018332880955919714
MUPLUS,-69000.0,-68000.0,-68500.0,1548,11099,0.0018444515120414424,-0.0045748390944249625,0.007763254567227142,0.012387862231619418,0.00487751816083151,0.01986682270365444,0.012524421425752759,0.00770913045460136,0.02160275792142924
MUPLUS,-68000.0,-67000.0,-67500.0,985,3906,0.018200807354630515,0.007959321310008824,0.02852221260872264,0.007670761975343443,-0.002907578033830444,0.017796094899271787,0.019751201929066167,0.012624527284421053,0.0325016635100747
MUPLUS,-67000.0,-66000.0,-66500.0,894,2915,0.0016980156424807986,-0.011413024360480879,0.013238900490153466,0.00010737901925721156,-0.010575218841264887,0.01177710825825874,0.0017014074690931975,0.006934445405698715,0.02334109274826154
MUPLUS,-66000.0,-65000.0,-65500.0,1063,4426,-0.013895559181084094,-0.02466301608161862,-0.0038667590199464833,-0.01336345035702839,-0.028049576479997892,-0.0003568876895955275,0.019278702508202482,0.013145632848005866,0.035168334440128846
MUPLUS,-65000.0,-64000.0,-64500.0,1252,4728,0.003468175022569228,-0.007573101822169617,0.013546737910435524,0.008094011344251457,-0.0019101523707723302,0.019475771792971937,0.008805751394858041,0.008568693288717988,0.023679200083145422
MUPLUS,-64000.0,-63000.0,-63500.0,1640,7400,0.00129507220656976,-0.007644801575747079,0.009840096418594423,0.003665899052535875,-0.005401073821307088,0.012229172146999891,0.0038879336264412865,0.005573140933462972,0.018220825674311814
MUPLUS,-63000.0,-62000.0,-62500.0,1766,8656,0.005746312710131513,-0.0022808684883588912,0.014749923031925311,0.004256054528092092,-0.0033366789754758464,0.01236156221381788,0.007150811835638816,0.0065510667414277034,0.01878349419423693
MUPLUS,-62000.0,-61000.0,-61500.0,1916,10039,-0.006813294504843727,-0.013498124008862224,0.0011418266539273108,-0.0009152661974869948,-0.008856573187455846,0.006970957566599101,0.006874495924938499,0.0058934942949015285,0.016642484049900767
MUPLUS,-61000.0,-60000.0,-60500.0,2118,11341,0.007081679953867139,0.0005031605455050544,0.014110090019280338,-0.010432907187969579,-0.017442002470624517,-0.0034532005755064567,0.012609351425104743,0.008085675263363516,0.022034492834918828
MUPLUS,-60000.0,-59000.0,-59500.0,2451,16343,-0.007128397299600298,-0.012574099386260466,-0.0008595744138186409,0.003560129421005593,-0.002772204356909022,0.009839465564117078,0.007967971483085168,0.005498025337288658,0.015390289205101377
MUPLUS,-59000.0,-58000.0,-58500.0,2503,19041,-0.00018086036392279774,-0.006228903417751904,0.006319233245688317,0.007984694255694707,0.0023135714138144913,0.013396764496516418,0.007986742316374201,0.005470622619128765,0.0150851474326368
MUPLUS,-58000.0,-57000.0,-57500.0,2344,21136,-0.0007588899792454351,-0.006061424790090846,0.00421240948803308,0.005543421342807713,0.00013496985573425906,0.01096790028759778,0.005595125931066718,0.004476960458066524,0.012821200694238795
MUPLUS,-57000.0,-56000.0,-56500.0,1705,11659,0.003674386995115487,-0.0030926699452195248,0.010263790245590355,0.004832035620597097,-0.0017940862213975109,0.012419435330283501,0.006070394388224952,0.005496939445500303,0.015819254759494816
MUPLUS,-56000.0,-55000.0,-55500.0,1217,5249,0.005279219553560016,-0.004568155337315715,0.014875026731460862,-0.019527718201115075,-0.030769984408809913,-0.008509797151707589,0.02022874037692044,0.013330460010254062,0.03285854403759191
MUPLUS,-55000.0,-54000.0,-54500.0,1278,5329,-8.341469429057601e-05,-0.011236658207243249,0.01026812429770194,-0.0021425424807822602,-0.014871854138977897,0.009236131518378517,0.0021441656403319667,0.006898877418353573,0.023057396564975862
MUPLUS,-54000.0,-53000.0,-53500.0,1586,7482,0.0035502367863051052,-0.0052821375191788094,0.011220002905138884,0.002893597779268922,-0.00471828363876046,0.011511257222608626,0.004580075255607056,0.005170767557738216,0.01633963284622087
MUPLUS,-53000.0,-52000.0,-52500.0,1997,11148,0.0006768232817646376,-0.00624620018690851,0.008124761914624955,0.00991604122979152,0.00322254089559853,0.01709885859013346,0.009939112808780468,0.006519301668005257,0.019208250350421334
MUPLUS,-52000.0,-51000.0,-51500.0,2133,12916,-0.005873664864111349,-0.011553560878641638,0.00048815891042389777,0.001661564901804604,-0.005349326356255705,0.008818447919596717,0.006104157342238578,0.005000984399066077,0.014879589273379146
MUPLUS,-51000.0,-50000.0,-50500.0,2268,16338,0.0062159031276150705,-0.001057573643674428,0.014147750927449968,0.009270821391271439,0.0032423953035525806,0.015200125851343045,0.011161791117950152,0.0072080114938137835,0.018966706949972146
MUPLUS,-50000.0,-49000.0,-49500.0,2421,18416,0.0015067769488686037,-0.004108594151402157,0.00740797809615725,-0.0021671605292905025,-0.0076499724118859365,0.003166716359943654,0.002639500243105969,0.003629268012606405,0.01156983680483893
MUPLUS,-49000.0,-48000.0,-48500.0,2474,22772,0.0019712602316817054,-0.002782104207600383,0.006659409587004519,-0.0018330516966467455,-0.006189448269336725,0.0031983377491113236,0.00269182938233264,0.003292973109559905,0.010173263032573297
MUPLUS,-48000.0,-47000.0,-47500.0,2484,33211,0.0004829771859885504,-0.003707098880131473,0.004642527332178225,-0.00643042403035323,-0.010411160141000362,-0.002742864965334518,0.006448536281384303,0.004364818758371574,0.011652934385417292
MUPLUS,-47000.0,-46000.0,-46500.0,2216,50592,0.00423785276537055,0.0012287148801318976,0.007237655826634009,-0.0024549433758038687,-0.007227583373288976,0.0023029153559820225,0.004897565011244069,0.003447584627141526,0.01005713874189893
MUPLUS,-46000.0,-45000.0,-45500.0,1887,51560,0.0011260775453734058,-0.0020453278974116532,0.004227200018822955,-0.0009432314884128703,-0.005119242193194924,0.0023690854048873853,0.0014689235102372598,0.0022200293248131895,0.0071582160724729055
MUPLUS,-45000.0,-44000.0,-44500.0,1888,71392,0.0018068975033471253,-0.0011726140374810352,0.0045605475724208476,0.0005663412183611221,-0.0029314968574917022,0.0041337100677388845,0.0018935735959335815,0.0021511523186892325,0.006694523310532791
MUPLUS,-44000.0,-43000.0,-43500.0,1957,53214,-0.004656234491580513,-0.008288001381844677,-0.0010438397317691288,0.0043195502171119145,0.0009711469951346052,0.007286376573827799,0.006351301734190845,0.00373347991698013,0.010299382187076316
MUPLUS,-43000.0,-42000.0,-42500.0,2109,64042,-0.004301013136381583,-0.006925916492783759,-0.0015622735496901377,-0.0010722401938446943,-0.004387904413315871,0.0022710448146792666,0.00443265304672304,0.003053115850418323,0.008288650391875058
MUPLUS,-42000.0,-41000.0,-41500.0,2191,75350,-0.0020997717318733877,-0.004903804881002869,0.0003542389227564262,0.0019313173540303169,-0.00046715418713794637,0.0042991375962900214,0.0028528981839443957,0.0022118320876462,0.0064263377256470544
MUPLUS,-41000.0,-40000.0,-40500.0,2540,79627,-0.0022104350009750865,-0.005343062443858629,0.0006940484464355096,-0.0010940229937720413,-0.003959109483803053,0.0024019285569509183,0.002466355449735028,0.0022709085870700817,0.006804264883974993
MUPLUS,-40000.0,-39000.0,-39500.0,2749,90368,0.0006231447690502446,-0.0020079756646952367,0.0032215966756512547,-0.0009310633386207631,-0.003439707060036465,0.001410830866232744,0.0011203518838821687,0.0016056912210111835,0.005185247665587106
MUPLUS,-39000.0,-38000.0,-38500.0,2783,94658,-0.007500287513336135,-0.010280057419613024,-0.005043930490017436,0.0027342834740056335,0.0002805322790827558,0.005403985337593255,0.007983145927447793,0.006056098122933381,0.011147085438205301
MUPLUS,-38000.0,-37000.0,-37500.0,3259,82915,-0.0027926640128282183,-0.005326522141323199,-0.0002900165874449877,0.004190072695586357,0.00138357118276557,0.007424450850060789,0.005035442530984156,0.003537043924353585,0.00845301390052521
MUPLUS,-37000.0,-36000.0,-36500.0,3560,105989,0.003427716768804145,0.0007568943567885428,0.0057959035895838425,0.001269221874739768,-0.0011876629600900805,0.0036887510885040553,0.00365515614091369,0.0022534728018764553,0.006476399535315306
MUPLUS,-36000.0,-35000.0,-35500.0,3368,85061,-0.0016521024748180802,-0.004193630833481677,0.001219709471736172,0.0008980038071004018,-0.0016443117018825131,0.0032083411792235145,0.0018803865094354515,0.0017445668533659488,0.005569084862819869
MUPLUS,-35000.0,-34000.0,-34500.0,2981,83720,-0.0024362056757290624,-0.006196095718419426,0.0009389090827436682,-0.0013508187144954354,-0.004202827475391804,0.0018039023985801286,0.0027856434254738345,0.0025257887830041777,0.007187470745609748
MUPLUS,-34000.0,-33000.0,-33500.0,2882,99373,0.0012483828461446968,-0.0030857697288622283,0.004882498030493885,-0.004709189140097756,-0.006927463831938425,-0.0024058922756257884,0.0048718499656458,0.0037618849458642416,0.008601399388339578
MUPLUS,-33000.0,-32000.0,-32500.0,2996,85855,0.0020200743737221567,-0.0005315138348029037,0.004663765101621668,-0.0006278548203546686,-0.0034958392683399286,0.0018125250330002954,0.0021153964523964665,0.0020009320388086373,0.005844466352119484
MUPLUS,-32000.0,-31000.0,-31500.0,3155,96644,-0.006947016654569656,-0.0094362682649697,-0.004545911586612098,-0.0036693208454577158,-0.005903796911843509,-0.0014242228123817972,0.007856523141045197,0.005927057544538043,0.010567189738279092
MUPLUS,-31000.0,-30000.0,-30500.0,3281,106122,-0.0009504944772436231,-0.003279128938080422,0.0010922885136942007,-0.0019276373744119646,-0.00439021586583416,0.0004689631293705685,0.002149238376379056,0.0018414286552844066,0.005534621409731936
MUPLUS,-30000.0,-29000.0,-29500.0,3458,114053,-0.004270666620687707,-0.00628418563859084,-0.0020348840420183678,-1.421895558933117e-05,-0.0022345870531739237,0.0023628903309107414,0.004270690291247331,0.00283855920885354,0.006832055955600027
MUPLUS,-29000.0,-28000.0,-28500.0,3479,120768,-0.002723240909372998,-0.004880107625544109,-0.0006896415945412131,-0.00030207956319530926,-0.002427824415795556,0.0017183675982453384,0.002739943998147214,0.0017869996270825717,0.0055728139213860155
MUPLUS,-28000.0,-27000.0,-27500.0,3624,147362,-0.0049795216253717516,-0.006727585912323082,-0.00293323024000511,-0.0008666081316375549,-0.002692055296345768,0.0012658098174243013,0.005054368929091471,0.0034085136634293516,0.007264583255693085
MUPLUS,-27000.0,-26000.0,-26500.0,3678,152364,-0.0023266833881272924,-0.004309939411322261,-1.233855556050917e-05,0.00015220545679208163,-0.001714571770706121,0.002314460001447474,0.002331656511938408,0.001568009812684561,0.004909201275154815
MUPLUS,-26000.0,-25000.0,-25500.0,3724,172529,-0.004446572967237731,-0.006349830112091243,-0.0026208947984976247,0.000559420174364115,-0.0013433968293582428,0.002303180287115764,0.004481624937949955,0.0030484144803651562,0.006704536045314312
MUPLUS,-25000.0,-24000.0,-24500.0,3714,178686,-0.002551822077298314,-0.0045503391474323324,-0.0007506494831302531,0.0004792765196659974,-0.0013409993541210557,0.002379749611219052,0.0025964402354936335,0.0017422188535295773,0.005078032162426675
MUPLUS,-24000.0,-23000.0,-23500.0,3749,180344,-0.004103297226579627,-0.006071249670507886,-0.0022917153532989714,0.0024571562294308635,0.0007849489818170387,0.0041639541269444325,0.004782746581775681,0.003489237438695767,0.007032132129739374
MUPLUS,-23000.0,-22000.0,-22500.0,3961,231571,-0.00036903884146567077,-0.0018576945347671989,0.0012690713214027175,0.001155187099665295,-0.00031511402263514015,0.0026466156795266985,0.0012127023137371515,0.0011259265611533104,0.0033455133639868936
MUPLUS,-22000.0,-21000.0,-21500.0,3891,230542,2.1315495525955882e-05,-0.0014983073254835563,0.0015166193146016074,-0.0017566680807460714,-0.0030490636674945374,-0.00017811524872346726,0.0017567973976135105,0.0012384384002365122,0.003466440359060836
MUPLUS,-21000.0,-20000.0,-20500.0,4041,274335,0.00023544721159837487,-0.00126999934279928,0.0017260193804996664,0.0020041870425271157,0.0005039199679780109,0.003354202322464012,0.0020179695465697783,0.0012847488089808708,0.003729613156828937
MUPLUS,-20000.0,-19000.0,-19500.0,4113,258267,-0.001460390592552295,-0.0029851297124194767,5.915329266757382e-06,0.0012272484705014885,-0.0002927824889924172,0.0027263507488663294,0.0019075847271257669,0.0012300234272913943,0.003852402709100515
MUPLUS,-19000.0,-18000.0,-18500.0,4208,303811,-0.00047291167005403045,-0.0017283971334334917,0.0009660878412256491,0.0005546384383018035,-0.0008861291434685239,0.001985127976011387,0.0007288821886389841,0.0009167337233612794,0.00284478306290623
MUPLUS,-18000.0,-17000.0,-17500.0,4476,349794,1.2382135517288613e-05,-0.0012629655989661993,0.0013396878276446108,0.0015685257870471456,0.000399010107993592,0.0028761891357215776,0.001568574659336251,0.001075198415834608,0.0032226173429793837
MUPLUS,-17000.0,-16000.0,-16500.0,4489,294555,-0.00041191613479223284,-0.001767173939975747,0.0009965970858041356,0.00023359715567029457,-0.0011629652945304176,0.0016186169802069694,0.00047354253582906864,0.0008506282302575745,0.0027127478456677673
MUPLUS,-16000.0,-15000.0,-15500.0,4278,272893,-0.0024600486989678695,-0.003887738899144868,-0.001095435382107717,0.0011290284534435672,-0.00042594670494505786,0.0025308512509792953,0.0027067591045341808,0.0018989107421870921,0.004435288583233251
MUPLUS,-15000.0,-14000.0,-14500.0,4189,267722,-0.003897359185309053,-0.005266686770897569,-0.0022884582200548838,0.0026929659886868822,0.001108751285872301,0.004324007981698025,0.0047372433371674245,0.003403717206438877,0.006480107424703643
MUPLUS,-14000.0,-13000.0,-13500.0,4277,308319,-0.0033508612872110415,-0.004692080667322234,-0.0021424539300478776,-0.0011318674653783187,-0.002593177233998866,0.00028546673987456917,0.0035368623560030686,0.0025446983950865943,0.005137887235577716
MUPLUS,-13000.0,-12000.0,-12500.0,4278,290202,-0.003293342522904409,-0.004729022698303117,-0.0020556005042467913,-0.0016811081049106838,-0.0031896036298554972,-0.00022889349008784187,0.003697597792292554,0.0026947513944860736,0.005406347947831947
MUPLUS,-12000.0,-11000.0,-11500.0,4091,346039,-0.0012402961921132312,-0.002473855204220149,0.00020766361127886636,0.0010450303632897756,-0.00038660356151616143,0.002170716350877204,0.0016218579174416426,0.0010902967419486014,0.0033737691242984513
MUPLUS,-11000.0,-10000.0,-10500.0,3831,342939,-0.0022521804733416557,-0.0036438950127487047,-0.0009750612439127795,-0.0018942362181042722,-0.0032633398271465414,-0.0006069183874896147,0.002942863866113997,0.002041890323398813,0.004546216281321929
MUPLUS,-10000.0,-9000.0,-9500.0,3551,307722,-0.004285845840239801,-0.005666875192196511,-0.002708056181633633,-0.0006747122486599305,-0.0019904180969085657,0.0007070711334951499,0.004338630104628942,0.003057336479855212,0.005836191695663887
MUPLUS,-9000.0,-8000.0,-8500.0,2853,263929,-0.006204411128150435,-0.007768712378457304,-0.004886505317760704,-0.0025992996696407793,-0.004051347002943845,-0.0009826007979343125,0.006726892017842386,0.005477766731553744,0.008375387290468612
MUPLUS,-8000.0,-7000.0,-7500.0,1935,181519,-0.006665323708630242,-0.008512634297269292,-0.0044712972502642025,-0.0007538647170739123,-0.0026602114105047916,0.0010038309944513085,0.006707820223625357,0.004880378810768097,0.008881445698304588
MUPLUS,-7000.0,-6000.0,-6500.0,702,35661,-0.0039809550448496765,-0.008253983880080997,-0.00015228969473941802,0.006396633780063572,0.0027504891997080475,0.010163556604106654,0.007534250247062708,0.005076478655898947,0.012525748712294808
MUPLUS,-6000.0,-5000.0,-5500.0,18,61,-0.004737688930796795,-0.08926951473638856,0.09702623187782354,-0.05476508008652046,-0.17949753243814814,0.03844157346398443,0.05496962518780708,0.05786226375904273,0.23201711060043712
MUPLUS,-5000.0,-4000.0,-4500.0,19,18,-0.32266831232441795,-0.4593313826123873,-0.17149468498570578,0.049785962949196495,-0.11920588215589523,0.17533167349298787,0.3264865722890712,0.22126054920253752,0.49425344003453014
MUPLUS,-4000.0,-3000.0,-3500.0,16,12,-0.2475586272776127,-0.4412315796102796,-0.044307484326199645,-0.04279195082684358,-0.2495272148102522,0.14940979705005877,0.2512298250509739,0.17159868319159036,0.5201678957430503
MUPLUS,-3000.0,-2000.0,-2500.0,9,7,0.18245269038847514,-0.07368959581189684,0.43700937926769257,0.12976490599768503,-0.17962050259113307,0.46835228542486823,0.22389264181428742,0.224738119915459,0.6426263218059696
MUPLUS,-2000.0,-1000.0,-1500.0,15,14,0.4997029975056648,0.3231666034460068,0.6685318150795423,0.03247423642980201,-0.14613962712760706,0.20095358238834873,0.5007570885647503,0.3729291356680194,0.691088231134096
MUPLUS,-1000.0,0.0,-500.0,12,13,0.29967598158579606,0.10707603522472912,0.4846918313788331,-0.09292177913280633,-0.27722169909156674,0.07427483876960145,0.31375173461929484,0.20007033766862195,0.5503024019969432
MUPLUS,0.0,1000.0,500.0,12,11,-0.17598960480906747,-0.383559995452563,0.05579195834199587,0.25942795317281375,0.05631557610299852,0.480923024058342,0.3134887619808522,0.23505383259453214,0.5686426249506272
MUPLUS,1000.0,2000.0,1500.0,7,8,0.5347753018140793,0.343008022805055,0.7075169694423675,0.01810599397867918,-0.25410690806309383,0.291752632425891,0.5350817231491799,0.4619467222042328,0.7766074045890422
MUPLUS,2000.0,3000.0,2500.0,11,9,-0.1202875930402014,-0.38098785519599915,0.10378885939717285,0.020716709809170827,-0.2326525738022544,0.2659912626513025,0.12205853966323905,0.1518224549522846,0.5147131356723349
MUPLUS,3000.0,4000.0,3500.0,15,17,0.09042449777617174,-0.07728920661929486,0.2614446676149964,-0.013338787809890859,-0.15159486958209203,0.1236207435160343,0.09140302543302482,0.0998661814820206,0.3428083751793985
MUPLUS,4000.0,5000.0,4500.0,5,5,-0.33878566324710846,-0.6027950843175253,-0.08174482733011246,0.08923457302153111,-0.29399936757981776,0.4689797619357705,0.3503405980529778,0.3097364670036504,0.8141307546041137
MUPLUS,5000.0,6000.0,5500.0,5,5,-0.21340812593698502,-0.4080520129203796,-0.009311045110225668,-0.04582686722278595,-0.48561786611874896,0.3452014535665512,0.21827306287169498,0.20255871366447664,0.8416542270538144
MUPLUS,6000.0,7000.0,6500.0,0,0,nan,nan,nan,nan,nan,nan,nan,nan,nan
MUPLUS,7000.0,8000.0,7500.0,0,0,nan,nan,nan,nan,nan,nan,nan,nan,nan
MUPLUS,8000.0,9000.0,8500.0,0,0,nan,nan,nan,nan,nan,nan,nan,nan,nan
MUPLUS,9000.0,10000.0,9500.0,0,0,nan,nan,nan,nan,nan,nan,nan,nan,nan
MUPLUS,10000.0,11000.0,10500.0,0,0,nan,nan,nan,nan,nan,nan,nan,nan,nan
MUPLUS,11000.0,12000.0,11500.0,0,0,nan,nan,nan,nan,nan,nan,nan,nan,nan
MUPLUS,12000.0,13000.0,12500.0,0,0,nan,nan,nan,nan,nan,nan,nan,nan,nan
MUPLUS,13000.0,14000.0,13500.0,0,0,nan,nan,nan,nan,nan,nan,nan,nan,nan
MUPLUS,14000.0,15000.0,14500.0,0,0,nan,nan,nan,nan,nan,nan,nan,nan,nan
MUPLUS,15000.0,16000.0,15500.0,0,0,nan,nan,nan,nan,nan,nan,nan,nan,nan
MUPLUS,16000.0,17000.0,16500.0,0,0,nan,nan,nan,nan,nan,nan,nan,nan,nan
MUPLUS,17000.0,18000.0,17500.0,0,0,nan,nan,nan,nan,nan,nan,nan,nan,nan
MUPLUS,18000.0,19000.0,18500.0,0,0,nan,nan,nan,nan,nan,nan,nan,nan,nan
MUPLUS,19000.0,20000.0,19500.0,0,0,nan,nan,nan,nan,nan,nan,nan,nan,nan
MUPLUS,20000.0,21000.0,20500.0,0,0,nan,nan,nan,nan,nan,nan,nan,nan,nan
MUPLUS,21000.0,22000.0,21500.0,0,0,nan,nan,nan,nan,nan,nan,nan,nan,nan
MUPLUS,22000.0,23000.0,22500.0,0,0,nan,nan,nan,nan,nan,nan,nan,nan,nan
MUPLUS,23000.0,24000.0,23500.0,0,0,nan,nan,nan,nan,nan,nan,nan,nan,nan
MUPLUS,24000.0,25000.0,24500.0,0,0,nan,nan,nan,nan,nan,nan,nan,nan,nan
MUPLUS,25000.0,26000.0,25500.0,0,0,nan,nan,nan,nan,nan,nan,nan,nan,nan
MUPLUS,26000.0,27000.0,26500.0,0,0,nan,nan,nan,nan,nan,nan,nan,nan,nan
MUPLUS,27000.0,28000.0,27500.0,0,0,nan,nan,nan,nan,nan,nan,nan,nan,nan
MUPLUS,28000.0,29000.0,28500.0,0,0,nan,nan,nan,nan,nan,nan,nan,nan,nan
MUPLUS,29000.0,30000.0,29500.0,0,0,nan,nan,nan,nan,nan,nan,nan,nan,nan
MUPLUS,30000.0,31000.0,30500.0,0,0,nan,nan,nan,nan,nan,nan,nan,nan,nan
MUPLUS,31000.0,32000.0,31500.0,0,0,nan,nan,nan,nan,nan,nan,nan,nan,nan
MUPLUS,32000.0,33000.0,32500.0,0,0,nan,nan,nan,nan,nan,nan,nan,nan,nan
MUPLUS,33000.0,34000.0,33500.0,0,0,nan,nan,nan,nan,nan,nan,nan,nan,nan
MUPLUS,34000.0,35000.0,34500.0,0,0,nan,nan,nan,nan,nan,nan,nan,nan,nan
MUPLUS,35000.0,36000.0,35500.0,0,0,nan,nan,nan,nan,nan,nan,nan,nan,nan
MUPLUS,36000.0,37000.0,36500.0,0,0,nan,nan,nan,nan,nan,nan,nan,nan,nan
MUPLUS,37000.0,38000.0,37500.0,0,0,nan,nan,nan,nan,nan,nan,nan,nan,nan
MUPLUS,38000.0,39000.0,38500.0,0,0,nan,nan,nan,nan,nan,nan,nan,nan,nan
MUPLUS,39000.0,40000.0,39500.0,0,0,nan,nan,nan,nan,nan,nan,nan,nan,nan
MUPLUS,40000.0,41000.0,40500.0,0,0,nan,nan,nan,nan,nan,nan,nan,nan,nan
MUPLUS,41000.0,42000.0,41500.0,0,0,nan,nan,nan,nan,nan,nan,nan,nan,nan
MUPLUS,42000.0,43000.0,42500.0,0,0,nan,nan,nan,nan,nan,nan,nan,nan,nan
MUPLUS,43000.0,44000.0,43500.0,0,0,nan,nan,nan,nan,nan,nan,nan,nan,nan
MUPLUS,44000.0,45000.0,44500.0,0,0,nan,nan,nan,nan,nan,nan,nan,nan,nan
MUPLUS,45000.0,46000.0,45500.0,0,0,nan,nan,nan,nan,nan,nan,nan,nan,nan
MUPLUS,46000.0,47000.0,46500.0,0,0,nan,nan,nan,nan,nan,nan,nan,nan,nan
MUPLUS,47000.0,48000.0,47500.0,0,0,nan,nan,nan,nan,nan,nan,nan,nan,nan
MUPLUS,48000.0,49000.0,48500.0,0,0,nan,nan,nan,nan,nan,nan,nan,nan,nan
MUPLUS,49000.0,50000.0,49500.0,0,0,nan,nan,nan,nan,nan,nan,nan,nan,nan
MUPLUS,50000.0,51000.0,50500.0,0,0,nan,nan,nan,nan,nan,nan,nan,nan,nan
MUPLUS,51000.0,52000.0,51500.0,0,0,nan,nan,nan,nan,nan,nan,nan,nan,nan
MUPLUS,52000.0,53000.0,52500.0,0,0,nan,nan,nan,nan,nan,nan,nan,nan,nan
MUPLUS,53000.0,54000.0,53500.0,0,0,nan,nan,nan,nan,nan,nan,nan,nan,nan
MUPLUS,54000.0,55000.0,54500.0,0,0,nan,nan,nan,nan,nan,nan,nan,nan,nan
MUPLUS,55000.0,56000.0,55500.0,0,0,nan,nan,nan,nan,nan,nan,nan,nan,nan
MUPLUS,56000.0,57000.0,56500.0,0,0,nan,nan,nan,nan,nan,nan,nan,nan,nan
MUPLUS,57000.0,58000.0,57500.0,0,0,nan,nan,nan,nan,nan,nan,nan,nan,nan
MUPLUS,58000.0,59000.0,58500.0,0,0,nan,nan,nan,nan,nan,nan,nan,nan,nan
MUPLUS,59000.0,60000.0,59500.0,0,0,nan,nan,nan,nan,nan,nan,nan,nan,nan
MUPLUS,60000.0,61000.0,60500.0,0,0,nan,nan,nan,nan,nan,nan,nan,nan,nan
MUPLUS,61000.0,62000.0,61500.0,0,0,nan,nan,nan,nan,nan,nan,nan,nan,nan
MUPLUS,62000.0,63000.0,62500.0,0,0,nan,nan,nan,nan,nan,nan,nan,nan,nan
MUPLUS,63000.0,64000.0,63500.0,0,0,nan,nan,nan,nan,nan,nan,nan,nan,nan
MUPLUS,64000.0,65000.0,64500.0,0,0,nan,nan,nan,nan,nan,nan,nan,nan,nan
MUPLUS,65000.0,66000.0,65500.0,0,0,nan,nan,nan,nan,nan,nan,nan,nan,nan
MUPLUS,66000.0,67000.0,66500.0,0,0,nan,nan,nan,nan,nan,nan,nan,nan,nan
MUPLUS,67000.0,68000.0,67500.0,0,0,nan,nan,nan,nan,nan,nan,nan,nan,nan
MUPLUS,68000.0,69000.0,68500.0,0,0,nan,nan,nan,nan,nan,nan,nan,nan,nan
MUPLUS,69000.0,70000.0,69500.0,0,0,nan,nan,nan,nan,nan,nan,nan,nan,nan
MUPLUS,70000.0,71000.0,70500.0,0,0,nan,nan,nan,nan,nan,nan,nan,nan,nan
MUPLUS,71000.0,72000.0,71500.0,0,0,nan,nan,nan,nan,nan,nan,nan,nan,nan
MUPLUS,72000.0,73000.0,72500.0,0,0,nan,nan,nan,nan,nan,nan,nan,nan,nan
MUPLUS,73000.0,74000.0,73500.0,0,0,nan,nan,nan,nan,nan,nan,nan,nan,nan
MUPLUS,74000.0,75000.0,74500.0,0,0,nan,nan,nan,nan,nan,nan,nan,nan,nan
MUPLUS,75000.0,76000.0,75500.0,0,0,nan,nan,nan,nan,nan,nan,nan,nan,nan
MUPLUS,76000.0,77000.0,76500.0,0,0,nan,nan,nan,nan,nan,nan,nan,nan,nan
MUPLUS,77000.0,78000.0,77500.0,0,0,nan,nan,nan,nan,nan,nan,nan,nan,nan
MUPLUS,78000.0,79000.0,78500.0,0,0,nan,nan,nan,nan,nan,nan,nan,nan,nan
MUPLUS,79000.0,80000.0,79500.0,0,0,nan,nan,nan,nan,nan,nan,nan,nan,nan
MUPLUS,80000.0,81000.0,80500.0,0,0,nan,nan,nan,nan,nan,nan,nan,nan,nan
MUPLUS,81000.0,82000.0,81500.0,0,0,nan,nan,nan,nan,nan,nan,nan,nan,nan
MUPLUS,82000.0,83000.0,82500.0,0,0,nan,nan,nan,nan,nan,nan,nan,nan,nan
MUPLUS,83000.0,84000.0,83500.0,0,0,nan,nan,nan,nan,nan,nan,nan,nan,nan
MUPLUS,84000.0,85000.0,84500.0,0,0,nan,nan,nan,nan,nan,nan,nan,nan,nan
MUPLUS,85000.0,86000.0,85500.0,0,0,nan,nan,nan,nan,nan,nan,nan,nan,nan
MUPLUS,86000.0,87000.0,86500.0,0,0,nan,nan,nan,nan,nan,nan,nan,nan,nan
MUPLUS,87000.0,88000.0,87500.0,0,0,nan,nan,nan,nan,nan,nan,nan,nan,nan
MUPLUS,88000.0,89000.0,88500.0,0,0,nan,nan,nan,nan,nan,nan,nan,nan,nan
MUPLUS,89000.0,90000.0,89500.0,0,0,nan,nan,nan,nan,nan,nan,nan,nan,nan
MUPLUS,90000.0,91000.0,90500.0,0,0,nan,nan,nan,nan,nan,nan,nan,nan,nan
MUPLUS,91000.0,92000.0,91500.0,0,0,nan,nan,nan,nan,nan,nan,nan,nan,nan
MUPLUS,92000.0,93000.0,92500.0,0,0,nan,nan,nan,nan,nan,nan,nan,nan,nan
MUPLUS,93000.0,94000.0,93500.0,0,0,nan,nan,nan,nan,nan,nan,nan,nan,nan
MUPLUS,94000.0,95000.0,94500.0,0,0,nan,nan,nan,nan,nan,nan,nan,nan,nan
MUPLUS,95000.0,96000.0,95500.0,0,0,nan,nan,nan,nan,nan,nan,nan,nan,nan
MUPLUS,96000.0,97000.0,96500.0,0,0,nan,nan,nan,nan,nan,nan,nan,nan,nan
MUPLUS,97000.0,98000.0,97500.0,0,0,nan,nan,nan,nan,nan,nan,nan,nan,nan
MUPLUS,98000.0,99000.0,98500.0,0,0,nan,nan,nan,nan,nan,nan,nan,nan,nan
MUPLUS,99000.0,100000.0,99500.0,0,0,nan,nan,nan,nan,nan,nan,nan,nan,nan
MUPLUS,100000.0,101000.0,100500.0,0,0,nan,nan,nan,nan,nan,nan,nan,nan,nan
MUPLUS,101000.0,102000.0,101500.0,0,0,nan,nan,nan,nan,nan,nan,nan,nan,nan
MUPLUS,102000.0,103000.0,102500.0,0,0,nan,nan,nan,nan,nan,nan,nan,nan,nan
MUPLUS,103000.0,104000.0,103500.0,0,0,nan,nan,nan,nan,nan,nan,nan,nan,nan
MUPLUS,104000.0,105000.0,104500.0,0,0,nan,nan,nan,nan,nan,nan,nan,nan,nan
MUPLUS,105000.0,106000.0,105500.0,0,0,nan,nan,nan,nan,nan,nan,nan,nan,nan
MUPLUS,106000.0,107000.0,106500.0,0,0,nan,nan,nan,nan,nan,nan,nan,nan,nan
MUPLUS,107000.0,108000.0,107500.0,0,0,nan,nan,nan,nan,nan,nan,nan,nan,nan
MUPLUS,108000.0,109000.0,108500.0,0,0,nan,nan,nan,nan,nan,nan,nan,nan,nan
MUPLUS,109000.0,110000.0,109500.0,0,0,nan,nan,nan,nan,nan,nan,nan,nan,nan
MUPLUS,110000.0,111000.0,110500.0,0,0,nan,nan,nan,nan,nan,nan,nan,nan,nan
MUPLUS,111000.0,112000.0,111500.0,0,0,nan,nan,nan,nan,nan,nan,nan,nan,nan
MUPLUS,112000.0,113000.0,112500.0,0,0,nan,nan,nan,nan,nan,nan,nan,nan,nan
MUPLUS,113000.0,114000.0,113500.0,0,0,nan,nan,nan,nan,nan,nan,nan,nan,nan
MUPLUS,114000.0,115000.0,114500.0,0,0,nan,nan,nan,nan,nan,nan,nan,nan,nan
MUPLUS,115000.0,116000.0,115500.0,0,0,nan,nan,nan,nan,nan,nan,nan,nan,nan
MUPLUS,116000.0,117000.0,116500.0,0,0,nan,nan,nan,nan,nan,nan,nan,nan,nan
MUPLUS,117000.0,118000.0,117500.0,0,0,nan,nan,nan,nan,nan,nan,nan,nan,nan
MUPLUS,118000.0,119000.0,118500.0,0,0,nan,nan,nan,nan,nan,nan,nan,nan,nan
MUPLUS,119000.0,120000.0,119500.0,0,0,nan,nan,nan,nan,nan,nan,nan,nan,nan
MUPLUS,120000.0,121000.0,120500.0,0,0,nan,nan,nan,nan,nan,nan,nan,nan,nan
MUPLUS,121000.0,122000.0,121500.0,0,0,nan,nan,nan,nan,nan,nan,nan,nan,nan
MUPLUS,122000.0,123000.0,122500.0,0,0,nan,nan,nan,nan,nan,nan,nan,nan,nan
MUPLUS,123000.0,124000.0,123500.0,0,0,nan,nan,nan,nan,nan,nan,nan,nan,nan
MUPLUS,124000.0,125000.0,124500.0,0,0,nan,nan,nan,nan,nan,nan,nan,nan,nan
MUPLUS,125000.0,126000.0,125500.0,0,0,nan,nan,nan,nan,nan,nan,nan,nan,nan
MUPLUS,126000.0,127000.0,126500.0,0,0,nan,nan,nan,nan,nan,nan,nan,nan,nan
MUPLUS,127000.0,128000.0,127500.0,0,0,nan,nan,nan,nan,nan,nan,nan,nan,nan
MUPLUS,128000.0,129000.0,128500.0,0,0,nan,nan,nan,nan,nan,nan,nan,nan,nan
MUPLUS,129000.0,130000.0,129500.0,0,0,nan,nan,nan,nan,nan,nan,nan,nan,nan
MUPLUS,130000.0,131000.0,130500.0,0,0,nan,nan,nan,nan,nan,nan,nan,nan,nan
MUPLUS,131000.0,132000.0,131500.0,0,0,nan,nan,nan,nan,nan,nan,nan,nan,nan
MUPLUS,132000.0,133000.0,132500.0,0,0,nan,nan,nan,nan,nan,nan,nan,nan,nan
MUPLUS,133000.0,134000.0,133500.0,0,0,nan,nan,nan,nan,nan,nan,nan,nan,nan
MUPLUS,134000.0,135000.0,134500.0,0,0,nan,nan,nan,nan,nan,nan,nan,nan,nan
MUPLUS,135000.0,136000.0,135500.0,0,0,nan,nan,nan,nan,nan,nan,nan,nan,nan
MUPLUS,136000.0,137000.0,136500.0,0,0,nan,nan,nan,nan,nan,nan,nan,nan,nan
MUPLUS,137000.0,138000.0,137500.0,0,0,nan,nan,nan,nan,nan,nan,nan,nan,nan
MUPLUS,138000.0,139000.0,138500.0,0,0,nan,nan,nan,nan,nan,nan,nan,nan,nan
MUPLUS,139000.0,140000.0,139500.0,0,0,nan,nan,nan,nan,nan,nan,nan,nan,nan
MUPLUS,140000.0,141000.0,140500.0,0,0,nan,nan,nan,nan,nan,nan,nan,nan,nan
MUPLUS,141000.0,142000.0,141500.0,0,0,nan,nan,nan,nan,nan,nan,nan,nan,nan
MUPLUS,142000.0,143000.0,142500.0,0,0,nan,nan,nan,nan,nan,nan,nan,nan,nan
MUPLUS,143000.0,144000.0,143500.0,0,0,nan,nan,nan,nan,nan,nan,nan,nan,nan
MUPLUS,144000.0,145000.0,144500.0,0,0,nan,nan,nan,nan,nan,nan,nan,nan,nan
MUPLUS,145000.0,146000.0,145500.0,0,0,nan,nan,nan,nan,nan,nan,nan,nan,nan
MUPLUS,146000.0,147000.0,146500.0,0,0,nan,nan,nan,nan,nan,nan,nan,nan,nan
MUPLUS,147000.0,148000.0,147500.0,0,0,nan,nan,nan,nan,nan,nan,nan,nan,nan
MUPLUS,148000.0,149000.0,148500.0,0,0,nan,nan,nan,nan,nan,nan,nan,nan,nan
MUPLUS,149000.0,150000.0,149500.0,0,0,nan,nan,nan,nan,nan,nan,nan,nan,nan
MUPLUS,150000.0,151000.0,150500.0,0,0,nan,nan,nan,nan,nan,nan,nan,nan,nan
MUPLUS,151000.0,152000.0,151500.0,0,0,nan,nan,nan,nan,nan,nan,nan,nan,nan
MUPLUS,152000.0,153000.0,152500.0,0,0,nan,nan,nan,nan,nan,nan,nan,nan,nan
MUPLUS,153000.0,154000.0,153500.0,0,0,nan,nan,nan,nan,nan,nan,nan,nan,nan
MUPLUS,154000.0,155000.0,154500.0,0,0,nan,nan,nan,nan,nan,nan,nan,nan,nan
MUPLUS,155000.0,156000.0,155500.0,0,0,nan,nan,nan,nan,nan,nan,nan,nan,nan
MUPLUS,156000.0,157000.0,156500.0,0,0,nan,nan,nan,nan,nan,nan,nan,nan,nan
MUPLUS,157000.0,158000.0,157500.0,0,0,nan,nan,nan,nan,nan,nan,nan,nan,nan
MUPLUS,158000.0,159000.0,158500.0,0,0,nan,nan,nan,nan,nan,nan,nan,nan,nan
MUPLUS,159000.0,160000.0,159500.0,0,0,nan,nan,nan,nan,nan,nan,nan,nan,nan
MUPLUS,160000.0,161000.0,160500.0,0,0,nan,nan,nan,nan,nan,nan,nan,nan,nan
MUPLUS,161000.0,162000.0,161500.0,0,0,nan,nan,nan,nan,nan,nan,nan,nan,nan
MUPLUS,162000.0,163000.0,162500.0,0,0,nan,nan,nan,nan,nan,nan,nan,nan,nan
MUPLUS,163000.0,164000.0,163500.0,0,0,nan,nan,nan,nan,nan,nan,nan,nan,nan
MUPLUS,164000.0,165000.0,164500.0,0,0,nan,nan,nan,nan,nan,nan,nan,nan,nan
MUPLUS,165000.0,166000.0,165500.0,0,0,nan,nan,nan,nan,nan,nan,nan,nan,nan
MUPLUS,166000.0,167000.0,166500.0,0,0,nan,nan,nan,nan,nan,nan,nan,nan,nan
MUPLUS,167000.0,168000.0,167500.0,0,0,nan,nan,nan,nan,nan,nan,nan,nan,nan
MUPLUS,168000.0,169000.0,168500.0,0,0,nan,nan,nan,nan,nan,nan,nan,nan,nan
MUPLUS,169000.0,170000.0,169500.0,0,0,nan,nan,nan,nan,nan,nan,nan,nan,nan
MUPLUS,170000.0,171000.0,170500.0,0,0,nan,nan,nan,nan,nan,nan,nan,nan,nan
MUPLUS,171000.0,172000.0,171500.0,0,0,nan,nan,nan,nan,nan,nan,nan,nan,nan
MUPLUS,172000.0,173000.0,172500.0,0,0,nan,nan,nan,nan,nan,nan,nan,nan,nan
MUPLUS,173000.0,174000.0,173500.0,0,0,nan,nan,nan,nan,nan,nan,nan,nan,nan
MUPLUS,174000.0,175000.0,174500.0,0,0,nan,nan,nan,nan,nan,nan,nan,nan,nan
MUPLUS,175000.0,176000.0,175500.0,0,0,nan,nan,nan,nan,nan,nan,nan,nan,nan
MUPLUS,176000.0,177000.0,176500.0,0,0,nan,nan,nan,nan,nan,nan,nan,nan,nan
MUPLUS,177000.0,178000.0,177500.0,0,0,nan,nan,nan,nan,nan,nan,nan,nan,nan
MUPLUS,178000.0,179000.0,178500.0,0,0,nan,nan,nan,nan,nan,nan,nan,nan,nan
MUPLUS,179000.0,180000.0,179500.0,0,0,nan,nan,nan,nan,nan,nan,nan,nan,nan
MUPLUS,180000.0,181000.0,180500.0,0,0,nan,nan,nan,nan,nan,nan,nan,nan,nan
MUPLUS,181000.0,182000.0,181500.0,0,0,nan,nan,nan,nan,nan,nan,nan,nan,nan
MUPLUS,182000.0,183000.0,182500.0,0,0,nan,nan,nan,nan,nan,nan,nan,nan,nan
MUPLUS,183000.0,184000.0,183500.0,0,0,nan,nan,nan,nan,nan,nan,nan,nan,nan
MUPLUS,184000.0,185000.0,184500.0,0,0,nan,nan,nan,nan,nan,nan,nan,nan,nan
MUPLUS,185000.0,186000.0,185500.0,0,0,nan,nan,nan,nan,nan,nan,nan,nan,nan
MUPLUS,186000.0,187000.0,186500.0,0,0,nan,nan,nan,nan,nan,nan,nan,nan,nan
MUPLUS,187000.0,188000.0,187500.0,0,0,nan,nan,nan,nan,nan,nan,nan,nan,nan
MUPLUS,188000.0,189000.0,188500.0,0,0,nan,nan,nan,nan,nan,nan,nan,nan,nan
MUPLUS,189000.0,190000.0,189500.0,0,0,nan,nan,nan,nan,nan,nan,nan,nan,nan
MUPLUS,190000.0,191000.0,190500.0,0,0,nan,nan,nan,nan,nan,nan,nan,nan,nan
MUPLUS,191000.0,192000.0,191500.0,0,0,nan,nan,nan,nan,nan,nan,nan,nan,nan
MUPLUS,192000.0,193000.0,192500.0,0,0,nan,nan,nan,nan,nan,nan,nan,nan,nan
MUPLUS,193000.0,194000.0,193500.0,0,0,nan,nan,nan,nan,nan,nan,nan,nan,nan
MUPLUS,194000.0,195000.0,194500.0,0,0,nan,nan,nan,nan,nan,nan,nan,nan,nan
MUPLUS,195000.0,196000.0,195500.0,0,0,nan,nan,nan,nan,nan,nan,nan,nan,nan
MUPLUS,196000.0,197000.0,196500.0,0,0,nan,nan,nan,nan,nan,nan,nan,nan,nan
MUPLUS,197000.0,198000.0,197500.0,0,0,nan,nan,nan,nan,nan,nan,nan,nan,nan
MUPLUS,198000.0,199000.0,198500.0,0,0,nan,nan,nan,nan,nan,nan,nan,nan,nan
MUPLUS,199000.0,200000.0,199500.0,0,0,nan,nan,nan,nan,nan,nan,nan,nan,nan
MUPLUS,200000.0,201000.0,200500.0,0,0,nan,nan,nan,nan,nan,nan,nan,nan,nan
MUPLUS,201000.0,202000.0,201500.0,0,0,nan,nan,nan,nan,nan,nan,nan,nan,nan
MUPLUS,202000.0,203000.0,202500.0,0,0,nan,nan,nan,nan,nan,nan,nan,nan,nan
MUPLUS,203000.0,204000.0,203500.0,0,0,nan,nan,nan,nan,nan,nan,nan,nan,nan
MUPLUS,204000.0,205000.0,204500.0,0,0,nan,nan,nan,nan,nan,nan,nan,nan,nan
MUPLUS,205000.0,206000.0,205500.0,0,0,nan,nan,nan,nan,nan,nan,nan,nan,nan
MUPLUS,206000.0,207000.0,206500.0,0,0,nan,nan,nan,nan,nan,nan,nan,nan,nan
MUPLUS,207000.0,208000.0,207500.0,0,0,nan,nan,nan,nan,nan,nan,nan,nan,nan
MUPLUS,208000.0,209000.0,208500.0,0,0,nan,nan,nan,nan,nan,nan,nan,nan,nan
MUPLUS,209000.0,210000.0,209500.0,0,0,nan,nan,nan,nan,nan,nan,nan,nan,nan
MUPLUS,210000.0,211000.0,210500.0,0,0,nan,nan,nan,nan,nan,nan,nan,nan,nan
MUPLUS,211000.0,212000.0,211500.0,0,0,nan,nan,nan,nan,nan,nan,nan,nan,nan
MUPLUS,212000.0,213000.0,212500.0,0,0,nan,nan,nan,nan,nan,nan,nan,nan,nan
MUPLUS,213000.0,214000.0,213500.0,0,0,nan,nan,nan,nan,nan,nan,nan,nan,nan
MUPLUS,214000.0,215000.0,214500.0,0,0,nan,nan,nan,nan,nan,nan,nan,nan,nan
MUPLUS,215000.0,216000.0,215500.0,0,0,nan,nan,nan,nan,nan,nan,nan,nan,nan
MUPLUS,216000.0,217000.0,216500.0,0,0,nan,nan,nan,nan,nan,nan,nan,nan,nan
MUPLUS,217000.0,218000.0,217500.0,0,0,nan,nan,nan,nan,nan,nan,nan,nan,nan
MUPLUS,218000.0,219000.0,218500.0,0,0,nan,nan,nan,nan,nan,nan,nan,nan,nan
MUPLUS,219000.0,220000.0,219500.0,0,0,nan,nan,nan,nan,nan,nan,nan,nan,nan
MUPLUS,220000.0,221000.0,220500.0,0,0,nan,nan,nan,nan,nan,nan,nan,nan,nan
MUPLUS,221000.0,222000.0,221500.0,0,0,nan,nan,nan,nan,nan,nan,nan,nan,nan
MUPLUS,222000.0,223000.0,222500.0,0,0,nan,nan,nan,nan,nan,nan,nan,nan,nan
MUPLUS,223000.0,224000.0,223500.0,0,0,nan,nan,nan,nan,nan,nan,nan,nan,nan
MUPLUS,224000.0,225000.0,224500.0,0,0,nan,nan,nan,nan,nan,nan,nan,nan,nan
MUPLUS,225000.0,226000.0,225500.0,0,0,nan,nan,nan,nan,nan,nan,nan,nan,nan
MUPLUS,226000.0,227000.0,226500.0,0,0,nan,nan,nan,nan,nan,nan,nan,nan,nan
MUPLUS,227000.0,228000.0,227500.0,0,0,nan,nan,nan,nan,nan,nan,nan,nan,nan
MUPLUS,228000.0,229000.0,228500.0,0,0,nan,nan,nan,nan,nan,nan,nan,nan,nan
MUPLUS,229000.0,230000.0,229500.0,0,0,nan,nan,nan,nan,nan,nan,nan,nan,nan
MUPLUS,230000.0,231000.0,230500.0,0,0,nan,nan,nan,nan,nan,nan,nan,nan,nan
MUPLUS,231000.0,232000.0,231500.0,0,0,nan,nan,nan,nan,nan,nan,nan,nan,nan
MUPLUS,232000.0,233000.0,232500.0,0,0,nan,nan,nan,nan,nan,nan,nan,nan,nan
MUPLUS,233000.0,234000.0,233500.0,0,0,nan,nan,nan,nan,nan,nan,nan,nan,nan
MUPLUS,234000.0,235000.0,234500.0,0,0,nan,nan,nan,nan,nan,nan,nan,nan,nan
MUPLUS,235000.0,236000.0,235500.0,0,0,nan,nan,nan,nan,nan,nan,nan,nan,nan
MUPLUS,236000.0,237000.0,236500.0,0,0,nan,nan,nan,nan,nan,nan,nan,nan,nan
MUPLUS,237000.0,238000.0,237500.0,0,0,nan,nan,nan,nan,nan,nan,nan,nan,nan
MUPLUS,238000.0,239000.0,238500.0,0,0,nan,nan,nan,nan,nan,nan,nan,nan,nan
MUPLUS,239000.0,240000.0,239500.0,0,0,nan,nan,nan,nan,nan,nan,nan,nan,nan
MUMINUS,-240000.0,-239000.0,-239500.0,0,0,nan,nan,nan,nan,nan,nan,nan,nan,nan
MUMINUS,-239000.0,-238000.0,-238500.0,0,0,nan,nan,nan,nan,nan,nan,nan,nan,nan
MUMINUS,-238000.0,-237000.0,-237500.0,0,0,nan,nan,nan,nan,nan,nan,nan,nan,nan
MUMINUS,-237000.0,-236000.0,-236500.0,0,0,nan,nan,nan,nan,nan,nan,nan,nan,nan
MUMINUS,-236000.0,-235000.0,-235500.0,0,0,nan,nan,nan,nan,nan,nan,nan,nan,nan
MUMINUS,-235000.0,-234000.0,-234500.0,0,0,nan,nan,nan,nan,nan,nan,nan,nan,nan
MUMINUS,-234000.0,-233000.0,-233500.0,0,0,nan,nan,nan,nan,nan,nan,nan,nan,nan
MUMINUS,-233000.0,-232000.0,-232500.0,0,0,nan,nan,nan,nan,nan,nan,nan,nan,nan
MUMINUS,-232000.0,-231000.0,-231500.0,0,0,nan,nan,nan,nan,nan,nan,nan,nan,nan
MUMINUS,-231000.0,-230000.0,-230500.0,0,0,nan,nan,nan,nan,nan,nan,nan,nan,nan
MUMINUS,-230000.0,-229000.0,-229500.0,0,0,nan,nan,nan,nan,nan,nan,nan,nan,nan
MUMINUS,-229000.0,-228000.0,-228500.0,0,0,nan,nan,nan,nan,nan,nan,nan,nan,nan
MUMINUS,-228000.0,-227000.0,-227500.0,0,0,nan,nan,nan,nan,nan,nan,nan,nan,nan
MUMINUS,-227000.0,-226000.0,-226500.0,0,0,nan,nan,nan,nan,nan,nan,nan,nan,nan
MUMINUS,-226000.0,-225000.0,-225500.0,0,0,nan,nan,nan,nan,nan,nan,nan,nan,nan
MUMINUS,-225000.0,-224000.0,-224500.0,0,0,nan,nan,nan,nan,nan,nan,nan,nan,nan
MUMINUS,-224000.0,-223000.0,-223500.0,0,0,nan,nan,nan,nan,nan,nan,nan,nan,nan
MUMINUS,-223000.0,-222000.0,-222500.0,0,0,nan,nan,nan,nan,nan,nan,nan,nan,nan
MUMINUS,-222000.0,-221000.0,-221500.0,0,0,nan,nan,nan,nan,nan,nan,nan,nan,nan
MUMINUS,-221000.0,-220000.0,-220500.0,0,0,nan,nan,nan,nan,nan,nan,nan,nan,nan
MUMINUS,-220000.0,-219000.0,-219500.0,0,0,nan,nan,nan,nan,nan,nan,nan,nan,nan
MUMINUS,-219000.0,-218000.0,-218500.0,0,0,nan,nan,nan,nan,nan,nan,nan,nan,nan
MUMINUS,-218000.0,-217000.0,-217500.0,0,0,nan,nan,nan,nan,nan,nan,nan,nan,nan
MUMINUS,-217000.0,-216000.0,-216500.0,0,0,nan,nan,nan,nan,nan,nan,nan,nan,nan
MUMINUS,-216000.0,-215000.0,-215500.0,0,0,nan,nan,nan,nan,nan,nan,nan,nan,nan
MUMINUS,-215000.0,-214000.0,-214500.0,0,0,nan,nan,nan,nan,nan,nan,nan,nan,nan
MUMINUS,-214000.0,-213000.0,-213500.0,0,0,nan,nan,nan,nan,nan,nan,nan,nan,nan
MUMINUS,-213000.0,-212000.0,-212500.0,0,0,nan,nan,nan,nan,nan,nan,nan,nan,nan
MUMINUS,-212000.0,-211000.0,-211500.0,0,0,nan,nan,nan,nan,nan,nan,nan,nan,nan
MUMINUS,-211000.0,-210000.0,-210500.0,0,0,nan,nan,nan,nan,nan,nan,nan,nan,nan
MUMINUS,-210000.0,-209000.0,-209500.0,0,0,nan,nan,nan,nan,nan,nan,nan,nan,nan
MUMINUS,-209000.0,-208000.0,-208500.0,0,0,nan,nan,nan,nan,nan,nan,nan,nan,nan
MUMINUS,-208000.0,-207000.0,-207500.0,0,0,nan,nan,nan,nan,nan,nan,nan,nan,nan
MUMINUS,-207000.0,-206000.0,-206500.0,0,0,nan,nan,nan,nan,nan,nan,nan,nan,nan
MUMINUS,-206000.0,-205000.0,-205500.0,0,0,nan,nan,nan,nan,nan,nan,nan,nan,nan
MUMINUS,-205000.0,-204000.0,-204500.0,0,0,nan,nan,nan,nan,nan,nan,nan,nan,nan
MUMINUS,-204000.0,-203000.0,-203500.0,0,0,nan,nan,nan,nan,nan,nan,nan,nan,nan
MUMINUS,-203000.0,-202000.0,-202500.0,0,0,nan,nan,nan,nan,nan,nan,nan,nan,nan
MUMINUS,-202000.0,-201000.0,-201500.0,0,0,nan,nan,nan,nan,nan,nan,nan,nan,nan
MUMINUS,-201000.0,-200000.0,-200500.0,0,0,nan,nan,nan,nan,nan,nan,nan,nan,nan
MUMINUS,-200000.0,-199000.0,-199500.0,0,0,nan,nan,nan,nan,nan,nan,nan,nan,nan
MUMINUS,-199000.0,-198000.0,-198500.0,0,0,nan,nan,nan,nan,nan,nan,nan,nan,nan
MUMINUS,-198000.0,-197000.0,-197500.0,0,0,nan,nan,nan,nan,nan,nan,nan,nan,nan
MUMINUS,-197000.0,-196000.0,-196500.0,0,0,nan,nan,nan,nan,nan,nan,nan,nan,nan
MUMINUS,-196000.0,-195000.0,-195500.0,0,0,nan,nan,nan,nan,nan,nan,nan,nan,nan
MUMINUS,-195000.0,-194000.0,-194500.0,0,0,nan,nan,nan,nan,nan,nan,nan,nan,nan
MUMINUS,-194000.0,-193000.0,-193500.0,0,0,nan,nan,nan,nan,nan,nan,nan,nan,nan
MUMINUS,-193000.0,-192000.0,-192500.0,0,0,nan,nan,nan,nan,nan,nan,nan,nan,nan
MUMINUS,-192000.0,-191000.0,-191500.0,0,0,nan,nan,nan,nan,nan,nan,nan,nan,nan
MUMINUS,-191000.0,-190000.0,-190500.0,0,0,nan,nan,nan,nan,nan,nan,nan,nan,nan
MUMINUS,-190000.0,-189000.0,-189500.0,0,0,nan,nan,nan,nan,nan,nan,nan,nan,nan
MUMINUS,-189000.0,-188000.0,-188500.0,0,0,nan,nan,nan,nan,nan,nan,nan,nan,nan
MUMINUS,-188000.0,-187000.0,-187500.0,0,0,nan,nan,nan,nan,nan,nan,nan,nan,nan
MUMINUS,-187000.0,-186000.0,-186500.0,0,0,nan,nan,nan,nan,nan,nan,nan,nan,nan
MUMINUS,-186000.0,-185000.0,-185500.0,0,0,nan,nan,nan,nan,nan,nan,nan,nan,nan
MUMINUS,-185000.0,-184000.0,-184500.0,0,0,nan,nan,nan,nan,nan,nan,nan,nan,nan
MUMINUS,-184000.0,-183000.0,-183500.0,0,0,nan,nan,nan,nan,nan,nan,nan,nan,nan
MUMINUS,-183000.0,-182000.0,-182500.0,0,0,nan,nan,nan,nan,nan,nan,nan,nan,nan
MUMINUS,-182000.0,-181000.0,-181500.0,0,0,nan,nan,nan,nan,nan,nan,nan,nan,nan
MUMINUS,-181000.0,-180000.0,-180500.0,0,0,nan,nan,nan,nan,nan,nan,nan,nan,nan
MUMINUS,-180000.0,-179000.0,-179500.0,0,0,nan,nan,nan,nan,nan,nan,nan,nan,nan
MUMINUS,-179000.0,-178000.0,-178500.0,0,0,nan,nan,nan,nan,nan,nan,nan,nan,nan
MUMINUS,-178000.0,-177000.0,-177500.0,0,0,nan,nan,nan,nan,nan,nan,nan,nan,nan
MUMINUS,-177000.0,-176000.0,-176500.0,0,0,nan,nan,nan,nan,nan,nan,nan,nan,nan
MUMINUS,-176000.0,-175000.0,-175500.0,0,0,nan,nan,nan,nan,nan,nan,nan,nan,nan
MUMINUS,-175000.0,-174000.0,-174500.0,0,0,nan,nan,nan,nan,nan,nan,nan,nan,nan
MUMINUS,-174000.0,-173000.0,-173500.0,0,0,nan,nan,nan,nan,nan,nan,nan,nan,nan
MUMINUS,-173000.0,-172000.0,-172500.0,0,0,nan,nan,nan,nan,nan,nan,nan,nan,nan
MUMINUS,-172000.0,-171000.0,-171500.0,0,0,nan,nan,nan,nan,nan,nan,nan,nan,nan
MUMINUS,-171000.0,-170000.0,-170500.0,0,0,nan,nan,nan,nan,nan,nan,nan,nan,nan
MUMINUS,-170000.0,-169000.0,-169500.0,0,0,nan,nan,nan,nan,nan,nan,nan,nan,nan
MUMINUS,-169000.0,-168000.0,-168500.0,0,0,nan,nan,nan,nan,nan,nan,nan,nan,nan
MUMINUS,-168000.0,-167000.0,-167500.0,0,0,nan,nan,nan,nan,nan,nan,nan,nan,nan
MUMINUS,-167000.0,-166000.0,-166500.0,0,0,nan,nan,nan,nan,nan,nan,nan,nan,nan
MUMINUS,-166000.0,-165000.0,-165500.0,0,0,nan,nan,nan,nan,nan,nan,nan,nan,nan
MUMINUS,-165000.0,-164000.0,-164500.0,0,0,nan,nan,nan,nan,nan,nan,nan,nan,nan
MUMINUS,-164000.0,-163000.0,-163500.0,0,0,nan,nan,nan,nan,nan,nan,nan,nan,nan
MUMINUS,-163000.0,-162000.0,-162500.0,0,0,nan,nan,nan,nan,nan,nan,nan,nan,nan
MUMINUS,-162000.0,-161000.0,-161500.0,0,0,nan,nan,nan,nan,nan,nan,nan,nan,nan
MUMINUS,-161000.0,-160000.0,-160500.0,0,0,nan,nan,nan,nan,nan,nan,nan,nan,nan
MUMINUS,-160000.0,-159000.0,-159500.0,0,0,nan,nan,nan,nan,nan,nan,nan,nan,nan
MUMINUS,-159000.0,-158000.0,-158500.0,0,0,nan,nan,nan,nan,nan,nan,nan,nan,nan
MUMINUS,-158000.0,-157000.0,-157500.0,0,0,nan,nan,nan,nan,nan,nan,nan,nan,nan
MUMINUS,-157000.0,-156000.0,-156500.0,0,0,nan,nan,nan,nan,nan,nan,nan,nan,nan
MUMINUS,-156000.0,-155000.0,-155500.0,0,0,nan,nan,nan,nan,nan,nan,nan,nan,nan
MUMINUS,-155000.0,-154000.0,-154500.0,0,0,nan,nan,nan,nan,nan,nan,nan,nan,nan
MUMINUS,-154000.0,-153000.0,-153500.0,0,0,nan,nan,nan,nan,nan,nan,nan,nan,nan
MUMINUS,-153000.0,-152000.0,-152500.0,0,0,nan,nan,nan,nan,nan,nan,nan,nan,nan
MUMINUS,-152000.0,-151000.0,-151500.0,0,0,nan,nan,nan,nan,nan,nan,nan,nan,nan
MUMINUS,-151000.0,-150000.0,-150500.0,0,0,nan,nan,nan,nan,nan,nan,nan,nan,nan
MUMINUS,-150000.0,-149000.0,-149500.0,0,0,nan,nan,nan,nan,nan,nan,nan,nan,nan
MUMINUS,-149000.0,-148000.0,-148500.0,0,0,nan,nan,nan,nan,nan,nan,nan,nan,nan
MUMINUS,-148000.0,-147000.0,-147500.0,0,0,nan,nan,nan,nan,nan,nan,nan,nan,nan
MUMINUS,-147000.0,-146000.0,-146500.0,0,0,nan,nan,nan,nan,nan,nan,nan,nan,nan
MUMINUS,-146000.0,-145000.0,-145500.0,0,0,nan,nan,nan,nan,nan,nan,nan,nan,nan
MUMINUS,-145000.0,-144000.0,-144500.0,0,0,nan,nan,nan,nan,nan,nan,nan,nan,nan
MUMINUS,-144000.0,-143000.0,-143500.0,0,0,nan,nan,nan,nan,nan,nan,nan,nan,nan
MUMINUS,-143000.0,-142000.0,-142500.0,0,0,nan,nan,nan,nan,nan,nan,nan,nan,nan
MUMINUS,-142000.0,-141000.0,-141500.0,0,0,nan,nan,nan,nan,nan,nan,nan,nan,nan
MUMINUS,-141000.0,-140000.0,-140500.0,0,0,nan,nan,nan,nan,nan,nan,nan,nan,nan
MUMINUS,-140000.0,-139000.0,-139500.0,0,0,nan,nan,nan,nan,nan,nan,nan,nan,nan
MUMINUS,-139000.0,-138000.0,-138500.0,0,0,nan,nan,nan,nan,nan,nan,nan,nan,nan
MUMINUS,-138000.0,-137000.0,-137500.0,0,0,nan,nan,nan,nan,nan,nan,nan,nan,nan
MUMINUS,-137000.0,-136000.0,-136500.0,0,0,nan,nan,nan,nan,nan,nan,nan,nan,nan
MUMINUS,-136000.0,-135000.0,-135500.0,0,0,nan,nan,nan,nan,nan,nan,nan,nan,nan
MUMINUS,-135000.0,-134000.0,-134500.0,0,0,nan,nan,nan,nan,nan,nan,nan,nan,nan
MUMINUS,-134000.0,-133000.0,-133500.0,0,0,nan,nan,nan,nan,nan,nan,nan,nan,nan
MUMINUS,-133000.0,-132000.0,-132500.0,0,0,nan,nan,nan,nan,nan,nan,nan,nan,nan
MUMINUS,-132000.0,-131000.0,-131500.0,0,0,nan,nan,nan,nan,nan,nan,nan,nan,nan
MUMINUS,-131000.0,-130000.0,-130500.0,0,0,nan,nan,nan,nan,nan,nan,nan,nan,nan
MUMINUS,-130000.0,-129000.0,-129500.0,0,0,nan,nan,nan,nan,nan,nan,nan,nan,nan
MUMINUS,-129000.0,-128000.0,-128500.0,0,0,nan,nan,nan,nan,nan,nan,nan,nan,nan
MUMINUS,-128000.0,-127000.0,-127500.0,0,0,nan,nan,nan,nan,nan,nan,nan,nan,nan
MUMINUS,-127000.0,-126000.0,-126500.0,0,0,nan,nan,nan,nan,nan,nan,nan,nan,nan
MUMINUS,-126000.0,-125000.0,-125500.0,0,0,nan,nan,nan,nan,nan,nan,nan,nan,nan
MUMINUS,-125000.0,-124000.0,-124500.0,0,0,nan,nan,nan,nan,nan,nan,nan,nan,nan
MUMINUS,-124000.0,-123000.0,-123500.0,0,0,nan,nan,nan,nan,nan,nan,nan,nan,nan
MUMINUS,-123000.0,-122000.0,-122500.0,0,0,nan,nan,nan,nan,nan,nan,nan,nan,nan
MUMINUS,-122000.0,-121000.0,-121500.0,0,0,nan,nan,nan,nan,nan,nan,nan,nan,nan
MUMINUS,-121000.0,-120000.0,-120500.0,0,0,nan,nan,nan,nan,nan,nan,nan,nan,nan
MUMINUS,-120000.0,-119000.0,-119500.0,0,0,nan,nan,nan,nan,nan,nan,nan,nan,nan
MUMINUS,-119000.0,-118000.0,-118500.0,0,0,nan,nan,nan,nan,nan,nan,nan,nan,nan
MUMINUS,-118000.0,-117000.0,-117500.0,0,0,nan,nan,nan,nan,nan,nan,nan,nan,nan
MUMINUS,-117000.0,-116000.0,-116500.0,0,0,nan,nan,nan,nan,nan,nan,nan,nan,nan
MUMINUS,-116000.0,-115000.0,-115500.0,0,0,nan,nan,nan,nan,nan,nan,nan,nan,nan
MUMINUS,-115000.0,-114000.0,-114500.0,0,0,nan,nan,nan,nan,nan,nan,nan,nan,nan
MUMINUS,-114000.0,-113000.0,-113500.0,0,0,nan,nan,nan,nan,nan,nan,nan,nan,nan
MUMINUS,-113000.0,-112000.0,-112500.0,0,0,nan,nan,nan,nan,nan,nan,nan,nan,nan
MUMINUS,-112000.0,-111000.0,-111500.0,0,0,nan,nan,nan,nan,nan,nan,nan,nan,nan
MUMINUS,-111000.0,-110000.0,-110500.0,0,0,nan,nan,nan,nan,nan,nan,nan,nan,nan
MUMINUS,-110000.0,-109000.0,-109500.0,0,0,nan,nan,nan,nan,nan,nan,nan,nan,nan
MUMINUS,-109000.0,-108000.0,-108500.0,0,0,nan,nan,nan,nan,nan,nan,nan,nan,nan
MUMINUS,-108000.0,-107000.0,-107500.0,0,0,nan,nan,nan,nan,nan,nan,nan,nan,nan
MUMINUS,-107000.0,-106000.0,-106500.0,0,0,nan,nan,nan,nan,nan,nan,nan,nan,nan
MUMINUS,-106000.0,-105000.0,-105500.0,0,0,nan,nan,nan,nan,nan,nan,nan,nan,nan
MUMINUS,-105000.0,-104000.0,-104500.0,0,0,nan,nan,nan,nan,nan,nan,nan,nan,nan
MUMINUS,-104000.0,-103000.0,-103500.0,0,0,nan,nan,nan,nan,nan,nan,nan,nan,nan
MUMINUS,-103000.0,-102000.0,-102500.0,0,0,nan,nan,nan,nan,nan,nan,nan,nan,nan
MUMINUS,-102000.0,-101000.0,-101500.0,0,0,nan,nan,nan,nan,nan,nan,nan,nan,nan
MUMINUS,-101000.0,-100000.0,-100500.0,0,0,nan,nan,nan,nan,nan,nan,nan,nan,nan
MUMINUS,-100000.0,-99000.0,-99500.0,0,0,nan,nan,nan,nan,nan,nan,nan,nan,nan
MUMINUS,-99000.0,-98000.0,-98500.0,0,0,nan,nan,nan,nan,nan,nan,nan,nan,nan
MUMINUS,-98000.0,-97000.0,-97500.0,0,0,nan,nan,nan,nan,nan,nan,nan,nan,nan
MUMINUS,-97000.0,-96000.0,-96500.0,0,0,nan,nan,nan,nan,nan,nan,nan,nan,nan
MUMINUS,-96000.0,-95000.0,-95500.0,0,0,nan,nan,nan,nan,nan,nan,nan,nan,nan
MUMINUS,-95000.0,-94000.0,-94500.0,0,0,nan,nan,nan,nan,nan,nan,nan,nan,nan
MUMINUS,-94000.0,-93000.0,-93500.0,0,0,nan,nan,nan,nan,nan,nan,nan,nan,nan
MUMINUS,-93000.0,-92000.0,-92500.0,0,0,nan,nan,nan,nan,nan,nan,nan,nan,nan
MUMINUS,-92000.0,-91000.0,-91500.0,0,0,nan,nan,nan,nan,nan,nan,nan,nan,nan
MUMINUS,-91000.0,-90000.0,-90500.0,0,0,nan,nan,nan,nan,nan,nan,nan,nan,nan
MUMINUS,-90000.0,-89000.0,-89500.0,0,0,nan,nan,nan,nan,nan,nan,nan,nan,nan
MUMINUS,-89000.0,-88000.0,-88500.0,0,0,nan,nan,nan,nan,nan,nan,nan,nan,nan
MUMINUS,-88000.0,-87000.0,-87500.0,0,0,nan,nan,nan,nan,nan,nan,nan,nan,nan
MUMINUS,-87000.0,-86000.0,-86500.0,0,0,nan,nan,nan,nan,nan,nan,nan,nan,nan
MUMINUS,-86000.0,-85000.0,-85500.0,0,0,nan,nan,nan,nan,nan,nan,nan,nan,nan
MUMINUS,-85000.0,-84000.0,-84500.0,0,0,nan,nan,nan,nan,nan,nan,nan,nan,nan
MUMINUS,-84000.0,-83000.0,-83500.0,0,0,nan,nan,nan,nan,nan,nan,nan,nan,nan
MUMINUS,-83000.0,-82000.0,-82500.0,0,0,nan,nan,nan,nan,nan,nan,nan,nan,nan
MUMINUS,-82000.0,-81000.0,-81500.0,0,0,nan,nan,nan,nan,nan,nan,nan,nan,nan
MUMINUS,-81000.0,-80000.0,-80500.0,0,0,nan,nan,nan,nan,nan,nan,nan,nan,nan
MUMINUS,-80000.0,-79000.0,-79500.0,0,0,nan,nan,nan,nan,nan,nan,nan,nan,nan
MUMINUS,-79000.0,-78000.0,-78500.0,0,0,nan,nan,nan,nan,nan,nan,nan,nan,nan
MUMINUS,-78000.0,-77000.0,-77500.0,0,0,nan,nan,nan,nan,nan,nan,nan,nan,nan
MUMINUS,-77000.0,-76000.0,-76500.0,0,0,nan,nan,nan,nan,nan,nan,nan,nan,nan
MUMINUS,-76000.0,-75000.0,-75500.0,0,0,nan,nan,nan,nan,nan,nan,nan,nan,nan
MUMINUS,-75000.0,-74000.0,-74500.0,0,0,nan,nan,nan,nan,nan,nan,nan,nan,nan
MUMINUS,-74000.0,-73000.0,-73500.0,0,0,nan,nan,nan,nan,nan,nan,nan,nan,nan
MUMINUS,-73000.0,-72000.0,-72500.0,0,0,nan,nan,nan,nan,nan,nan,nan,nan,nan
MUMINUS,-72000.0,-71000.0,-71500.0,0,0,nan,nan,nan,nan,nan,nan,nan,nan,nan
MUMINUS,-71000.0,-70000.0,-70500.0,0,0,nan,nan,nan,nan,nan,nan,nan,nan,nan
MUMINUS,-70000.0,-69000.0,-69500.0,0,0,nan,nan,nan,nan,nan,nan,nan,nan,nan
MUMINUS,-69000.0,-68000.0,-68500.0,0,0,nan,nan,nan,nan,nan,nan,nan,nan,nan
MUMINUS,-68000.0,-67000.0,-67500.0,0,0,nan,nan,nan,nan,nan,nan,nan,nan,nan
MUMINUS,-67000.0,-66000.0,-66500.0,0,0,nan,nan,nan,nan,nan,nan,nan,nan,nan
MUMINUS,-66000.0,-65000.0,-65500.0,0,0,nan,nan,nan,nan,nan,nan,nan,nan,nan
MUMINUS,-65000.0,-64000.0,-64500.0,0,0,nan,nan,nan,nan,nan,nan,nan,nan,nan
MUMINUS,-64000.0,-63000.0,-63500.0,0,0,nan,nan,nan,nan,nan,nan,nan,nan,nan
MUMINUS,-63000.0,-62000.0,-62500.0,0,0,nan,nan,nan,nan,nan,nan,nan,nan,nan
MUMINUS,-62000.0,-61000.0,-61500.0,0,0,nan,nan,nan,nan,nan,nan,nan,nan,nan
MUMINUS,-61000.0,-60000.0,-60500.0,0,0,nan,nan,nan,nan,nan,nan,nan,nan,nan
MUMINUS,-60000.0,-59000.0,-59500.0,0,0,nan,nan,nan,nan,nan,nan,nan,nan,nan
MUMINUS,-59000.0,-58000.0,-58500.0,0,0,nan,nan,nan,nan,nan,nan,nan,nan,nan
MUMINUS,-58000.0,-57000.0,-57500.0,0,0,nan,nan,nan,nan,nan,nan,nan,nan,nan
MUMINUS,-57000.0,-56000.0,-56500.0,0,0,nan,nan,nan,nan,nan,nan,nan,nan,nan
MUMINUS,-56000.0,-55000.0,-55500.0,0,0,nan,nan,nan,nan,nan,nan,nan,nan,nan
MUMINUS,-55000.0,-54000.0,-54500.0,0,0,nan,nan,nan,nan,nan,nan,nan,nan,nan
MUMINUS,-54000.0,-53000.0,-53500.0,0,0,nan,nan,nan,nan,nan,nan,nan,nan,nan
MUMINUS,-53000.0,-52000.0,-52500.0,0,0,nan,nan,nan,nan,nan,nan,nan,nan,nan
MUMINUS,-52000.0,-51000.0,-51500.0,0,0,nan,nan,nan,nan,nan,nan,nan,nan,nan
MUMINUS,-51000.0,-50000.0,-50500.0,0,0,nan,nan,nan,nan,nan,nan,nan,nan,nan
MUMINUS,-50000.0,-49000.0,-49500.0,0,0,nan,nan,nan,nan,nan,nan,nan,nan,nan
MUMINUS,-49000.0,-48000.0,-48500.0,0,0,nan,nan,nan,nan,nan,nan,nan,nan,nan
MUMINUS,-48000.0,-47000.0,-47500.0,0,0,nan,nan,nan,nan,nan,nan,nan,nan,nan
MUMINUS,-47000.0,-46000.0,-46500.0,0,0,nan,nan,nan,nan,nan,nan,nan,nan,nan
MUMINUS,-46000.0,-45000.0,-45500.0,0,0,nan,nan,nan,nan,nan,nan,nan,nan,nan
MUMINUS,-45000.0,-44000.0,-44500.0,0,0,nan,nan,nan,nan,nan,nan,nan,nan,nan
MUMINUS,-44000.0,-43000.0,-43500.0,0,0,nan,nan,nan,nan,nan,nan,nan,nan,nan
MUMINUS,-43000.0,-42000.0,-42500.0,0,0,nan,nan,nan,nan,nan,nan,nan,nan,nan
MUMINUS,-42000.0,-41000.0,-41500.0,0,0,nan,nan,nan,nan,nan,nan,nan,nan,nan
MUMINUS,-41000.0,-40000.0,-40500.0,0,0,nan,nan,nan,nan,nan,nan,nan,nan,nan
MUMINUS,-40000.0,-39000.0,-39500.0,0,0,nan,nan,nan,nan,nan,nan,nan,nan,nan
MUMINUS,-39000.0,-38000.0,-38500.0,0,0,nan,nan,nan,nan,nan,nan,nan,nan,nan
MUMINUS,-38000.0,-37000.0,-37500.0,0,0,nan,nan,nan,nan,nan,nan,nan,nan,nan
MUMINUS,-37000.0,-36000.0,-36500.0,0,0,nan,nan,nan,nan,nan,nan,nan,nan,nan
MUMINUS,-36000.0,-35000.0,-35500.0,0,0,nan,nan,nan,nan,nan,nan,nan,nan,nan
MUMINUS,-35000.0,-34000.0,-34500.0,0,0,nan,nan,nan,nan,nan,nan,nan,nan,nan
MUMINUS,-34000.0,-33000.0,-33500.0,0,0,nan,nan,nan,nan,nan,nan,nan,nan,nan
MUMINUS,-33000.0,-32000.0,-32500.0,0,0,nan,nan,nan,nan,nan,nan,nan,nan,nan
MUMINUS,-32000.0,-31000.0,-31500.0,0,0,nan,nan,nan,nan,nan,nan,nan,nan,nan
MUMINUS,-31000.0,-30000.0,-30500.0,0,0,nan,nan,nan,nan,nan,nan,nan,nan,nan
MUMINUS,-30000.0,-29000.0,-29500.0,0,0,nan,nan,nan,nan,nan,nan,nan,nan,nan
MUMINUS,-29000.0,-28000.0,-28500.0,0,0,nan,nan,nan,nan,nan,nan,nan,nan,nan
MUMINUS,-28000.0,-27000.0,-27500.0,0,0,nan,nan,nan,nan,nan,nan,nan,nan,nan
MUMINUS,-27000.0,-26000.0,-26500.0,0,0,nan,nan,nan,nan,nan,nan,nan,nan,nan
MUMINUS,-26000.0,-25000.0,-25500.0,0,0,nan,nan,nan,nan,nan,nan,nan,nan,nan
MUMINUS,-25000.0,-24000.0,-24500.0,0,0,nan,nan,nan,nan,nan,nan,nan,nan,nan
MUMINUS,-24000.0,-23000.0,-23500.0,0,0,nan,nan,nan,nan,nan,nan,nan,nan,nan
MUMINUS,-23000.0,-22000.0,-22500.0,0,0,nan,nan,nan,nan,nan,nan,nan,nan,nan
MUMINUS,-22000.0,-21000.0,-21500.0,0,0,nan,nan,nan,nan,nan,nan,nan,nan,nan
MUMINUS,-21000.0,-20000.0,-20500.0,0,0,nan,nan,nan,nan,nan,nan,nan,nan,nan
MUMINUS,-20000.0,-19000.0,-19500.0,0,0,nan,nan,nan,nan,nan,nan,nan,nan,nan
MUMINUS,-19000.0,-18000.0,-18500.0,0,0,nan,nan,nan,nan,nan,nan,nan,nan,nan
MUMINUS,-18000.0,-17000.0,-17500.0,0,0,nan,nan,nan,nan,nan,nan,nan,nan,nan
MUMINUS,-17000.0,-16000.0,-16500.0,0,0,nan,nan,nan,nan,nan,nan,nan,nan,nan
MUMINUS,-16000.0,-15000.0,-15500.0,0,0,nan,nan,nan,nan,nan,nan,nan,nan,nan
MUMINUS,-15000.0,-14000.0,-14500.0,0,0,nan,nan,nan,nan,nan,nan,nan,nan,nan
MUMINUS,-14000.0,-13000.0,-13500.0,0,0,nan,nan,nan,nan,nan,nan,nan,nan,nan
MUMINUS,-13000.0,-12000.0,-12500.0,0,0,nan,nan,nan,nan,nan,nan,nan,nan,nan
MUMINUS,-12000.0,-11000.0,-11500.0,0,0,nan,nan,nan,nan,nan,nan,nan,nan,nan
MUMINUS,-11000.0,-10000.0,-10500.0,0,0,nan,nan,nan,nan,nan,nan,nan,nan,nan
MUMINUS,-10000.0,-9000.0,-9500.0,0,0,nan,nan,nan,nan,nan,nan,nan,nan,nan
MUMINUS,-9000.0,-8000.0,-8500.0,0,0,nan,nan,nan,nan,nan,nan,nan,nan,nan
MUMINUS,-8000.0,-7000.0,-7500.0,0,0,nan,nan,nan,nan,nan,nan,nan,nan,nan
MUMINUS,-7000.0,-6000.0,-6500.0,0,0,nan,nan,nan,nan,nan,nan,nan,nan,nan
MUMINUS,-6000.0,-5000.0,-5500.0,5,5,-0.21340812593698502,-0.43275347352027893,-0.010467542231082946,-0.04582686722278595,-0.48441410064697266,0.37436235696077347,0.21827306287169498,0.21504453447626173,0.83636820991564
MUMINUS,-5000.0,-4000.0,-4500.0,5,5,-0.33878566324710846,-0.6083224564790726,-0.06787822008132952,0.08923457302153111,-0.2947122225718839,0.48400835786014795,0.3503405980529778,0.3257030159581102,0.8548643818331974
MUMINUS,-4000.0,-3000.0,-3500.0,15,17,0.09042449777617174,-0.0836680024426717,0.26200865115722016,-0.013338787809890859,-0.1471052457690239,0.10690462987774457,0.09140302543302482,0.08760806427332725,0.32097902693371455
MUMINUS,-3000.0,-2000.0,-2500.0,11,9,-0.1202875930402014,-0.3293448090950648,0.08886069655418395,0.020716709809170827,-0.22446871111790337,0.30681797350446377,0.12205853966323905,0.1486376998277654,0.5107150754313163
MUMINUS,-2000.0,-1000.0,-1500.0,7,8,0.5347753018140793,0.36759253601233166,0.7180483055023046,0.01810599397867918,-0.25656986651998576,0.2886981355647245,0.5350817231491799,0.4613048977604546,0.7783735273557318
MUMINUS,-1000.0,0.0,-500.0,12,11,-0.17598960480906747,-0.3831215844704554,0.04322385214675556,0.25942795317281375,0.08115216060148346,0.4646261306007703,0.3134887619808522,0.23929792918880097,0.5570847867341373
MUMINUS,0.0,1000.0,500.0,12,13,0.29967598158579606,0.1279221569640296,0.5062190923467278,-0.09292177913280633,-0.25314781181198176,0.06839286973079042,0.31375173461929484,0.19981741697304461,0.5451801874670901
MUMINUS,1000.0,2000.0,1500.0,15,14,0.4997029975056648,0.30542010616172444,0.6571866109768549,0.03247423642980201,-0.13016349489521234,0.1910670114155201,0.5007570885647503,0.35568370593040677,0.6858843637175567
MUMINUS,2000.0,3000.0,2500.0,9,7,0.18245269038847514,-0.08712091378370919,0.4238142914005688,0.12976490599768503,-0.17112758050362267,0.42610926585727255,0.22389264181428742,0.19597834039209608,0.6298574295319413
MUMINUS,3000.0,4000.0,3500.0,16,12,-0.2475586272776127,-0.45352132751391483,-0.046320731143156685,-0.04279195082684358,-0.23985545939207076,0.16818184121296947,0.2512298250509739,0.1905552802841345,0.51526617458639
MUMINUS,4000.0,5000.0,4500.0,19,18,-0.32266831232441795,-0.46773153283432417,-0.17476247678784762,0.049785962949196495,-0.10064609478953955,0.20094912265737847,0.3264865722890712,0.2427811308996811,0.4937862128411603
MUMINUS,5000.0,6000.0,5500.0,18,61,-0.004737688930796795,-0.08244384859892617,0.10001939656395537,-0.05476508008652046,-0.15424672080139024,0.03353882166861304,0.05496962518780708,0.05517760831702974,0.21790296232688255
MUMINUS,6000.0,7000.0,6500.0,702,35661,-0.0039809550448496765,-0.008407485829937847,-0.00013159619053739816,0.006396633780063572,0.0028464819733642543,0.0097699204474545,0.007534250247062708,0.004938095079769125,0.01232882467684515
MUMINUS,7000.0,8000.0,7500.0,1935,181519,-0.006665323708630242,-0.008619412394652696,-0.004775356275319846,-0.0007538647170739123,-0.0027641605023635573,0.0010490148636904087,0.006707820223625357,0.005070309412922525,0.00885461253156891
MUMINUS,8000.0,9000.0,8500.0,2853,263929,-0.006204411128150435,-0.007588845583577462,-0.004595123749962606,-0.0025992996696407793,-0.004096313528250896,-0.0009899833072984758,0.006726892017842386,0.005271427180490323,0.008255760775386683
MUMINUS,9000.0,10000.0,9500.0,3551,307722,-0.004285845840239801,-0.005755023786385313,-0.0028673735358357207,-0.0006747122486599305,-0.0019503133954886884,0.0006766962751470089,0.004338630104628942,0.003093533501617824,0.005967380177706755
MUMINUS,10000.0,11000.0,10500.0,3831,342939,-0.0022521804733416557,-0.003667164663789539,-0.0007762400220836798,-0.0018942362181042722,-0.0031450656072952543,-0.0006825125095405853,0.002942863866113997,0.001849026326156989,0.004508504920861424
MUMINUS,11000.0,12000.0,11500.0,4091,346039,-0.0012402961921132312,-0.002663452753421738,0.0001657884562340291,0.0010450303632897756,-0.00041142125157909927,0.0024465460236184353,0.0016218579174416426,0.001204484737076177,0.003370604120063628
MUMINUS,12000.0,13000.0,12500.0,4278,290202,-0.003293342522904409,-0.004682031869079003,-0.0019410240449503954,-0.0016811081049106838,-0.003050988638656403,-0.00018552278459027697,0.003697597792292554,0.0026718487140382453,0.005309394773446991
MUMINUS,13000.0,14000.0,13500.0,4277,308319,-0.0033508612872110415,-0.004651010199859002,-0.002033972547288728,-0.0011318674653783187,-0.0024985832143439475,0.0003671865893401688,0.0035368623560030686,0.0025448278896711943,0.005070791256792938
MUMINUS,14000.0,15000.0,14500.0,4189,267722,-0.003897359185309053,-0.005635359192087191,-0.002484132876283525,0.0026929659886868822,0.0012744852023248941,0.004307126477334542,0.0047372433371674245,0.0035388539354660677,0.00654473068499836
MUMINUS,15000.0,16000.0,15500.0,4278,272893,-0.0024600486989678695,-0.003779031313533674,-0.001083924738142429,0.0011290284534435672,-0.00026593903305842327,0.002595084476952097,0.0027067591045341808,0.0017103786554188804,0.004328536654381752
MUMINUS,16000.0,17000.0,16500.0,4489,294555,-0.00041191613479223284,-0.0019463781982848147,0.0007742084460323352,0.00023359715567029457,-0.0012007301325878423,0.0017720169727719103,0.00047354253582906864,0.0009120983142548281,0.0027550855848833314
MUMINUS,17000.0,18000.0,17500.0,4476,349794,1.2382135517288613e-05,-0.0013103851704314765,0.001227259880556838,0.0015685257870471456,0.0003260953457023873,0.0029083490892495506,0.001568574659336251,0.0011590991940259546,0.0033369658427768725
MUMINUS,18000.0,19000.0,18500.0,4208,303811,-0.00047291167005403045,-0.001857804567964079,0.0008077102438079623,0.0005546384383018035,-0.0010588589641218028,0.0019538259691250824,0.0007288821886389841,0.0009421580440768104,0.0028377227816803506
MUMINUS,19000.0,20000.0,19500.0,4113,258267,-0.001460390592552295,-0.003187769180141553,0.00012089709419873333,0.0012272484705014885,-2.506743305154389e-05,0.002629324468737484,0.0019075847271257669,0.0012994309970213004,0.00397748482773961
MUMINUS,20000.0,21000.0,20500.0,4041,274335,0.00023544721159837487,-0.0012162255175344175,0.0019571921335594794,0.0020041870425271157,0.000573352559924483,0.003419077196941573,0.0020179695465697783,0.001410115052533559,0.003807284018243176
MUMINUS,21000.0,22000.0,21500.0,3891,230542,2.1315495525955882e-05,-0.0016652707785736187,0.0016445976729318162,-0.0017566680807460714,-0.0032999923754759176,-9.574647434964545e-05,0.0017567973976135105,0.001226595341737294,0.003815898611432412
MUMINUS,22000.0,23000.0,22500.0,3961,231571,-0.00036903884146567077,-0.001846291818844062,0.0013020799563210072,0.001155187099665295,-0.00029526862251183386,0.0025878026715646218,0.0012127023137371515,0.0011306597194278543,0.0032917169743455284
MUMINUS,23000.0,24000.0,23500.0,3749,180344,-0.004103297226579627,-0.006024045339599965,-0.002282304369175949,0.0024571562294308635,0.0005475355812356803,0.003966148178792757,0.004782746581775681,0.0032562499721253374,0.006826091042465482
MUMINUS,24000.0,25000.0,24500.0,3714,178686,-0.002551822077298314,-0.004629921305978294,-0.0006212607194712544,0.0004792765196659974,-0.0012579281850446037,0.0022186802897522593,0.0025964402354936335,0.00169225705326233,0.005236615996292722
MUMINUS,25000.0,26000.0,25500.0,3724,172529,-0.004446572967237731,-0.0063753782703290275,-0.00265393315829178,0.000559420174364115,-0.0011675241064460567,0.0021333429158347855,0.004481624937949955,0.0030506209858759065,0.006649741116841237
MUMINUS,26000.0,27000.0,26500.0,3678,152364,-0.0023266833881272924,-0.004299864628969262,-0.00016473138885507267,0.00015220545679208163,-0.0016958109689420014,0.0021887640980785025,0.002331656511938408,0.0015859768836331597,0.0046879269636334805
MUMINUS,27000.0,28000.0,27500.0,3624,147362,-0.0049795216253717516,-0.006897820249541838,-0.003205848379744436,-0.0008666081316375549,-0.002943345336494039,0.0012139968993875126,0.005054368929091471,0.0037772720672284476,0.00734785716056484
MUMINUS,28000.0,29000.0,28500.0,3479,120768,-0.002723240909372998,-0.0048960569369477965,-0.0007067413184052842,-0.00030207956319530926,-0.0025993384255993185,0.001892998016946586,0.002739943998147214,0.0019310934416539478,0.005460517448565983
MUMINUS,29000.0,30000.0,29500.0,3458,114053,-0.004270666620687707,-0.006545733158057762,-0.0020522594262778527,-1.421895558933117e-05,-0.002375944329040222,0.002295862481426254,0.004270690291247331,0.002827883253059054,0.007127414714755143
MUMINUS,30000.0,31000.0,30500.0,3281,106122,-0.0009504944772436231,-0.003130792734251081,0.0014585238822710882,-0.0019276373744119646,-0.004071620912899231,0.00032857569854811096,0.002149238376379056,0.0017409465170825718,0.005264867847162405
MUMINUS,31000.0,32000.0,31500.0,3155,96644,-0.006947016654569656,-0.009311928817216198,-0.004586661883324177,-0.0036693208454577158,-0.005868316354731195,-0.0014501651798532289,0.007856523141045197,0.005851255030389633,0.010593417434800667
MUMINUS,32000.0,33000.0,32500.0,2996,85855,0.0020200743737221567,-0.0007589886752937972,0.004651369376103817,-0.0006278548203546686,-0.003234029933915665,0.0018770200249776281,0.0021153964523964665,0.00203800343886893,0.00583268746407079
MUMINUS,33000.0,34000.0,33500.0,2882,99373,0.0012483828461446968,-0.003261031327856922,0.005325225991677805,-0.004709189140097756,-0.007065737829649103,-0.0020645154171035148,0.0048718499656458,0.003738479952786696,0.00854276954598252
MUMINUS,34000.0,35000.0,34500.0,2981,83720,-0.0024362056757290624,-0.006411308889310548,0.0013661383008577409,-0.0013508187144954354,-0.004458601163380622,0.001951339860002526,0.0027856434254738345,0.0026803350345474372,0.008014231825138227
MUMINUS,35000.0,36000.0,35500.0,3368,85061,-0.0016521024748180802,-0.0043261933705529936,0.0008627424012790772,0.0008980038071004018,-0.0017663944580686047,0.0031132530525903117,0.0018803865094354515,0.0017790566847935088,0.005439775485678922
MUMINUS,36000.0,37000.0,36500.0,3560,105989,0.003427716768804145,0.0004916187334985779,0.0056259480884844485,0.001269221874739768,-0.0011375481929586863,0.0035115929500536915,0.00365515614091369,0.0023160981700178795,0.006454579885454973
MUMINUS,37000.0,38000.0,37500.0,3259,82915,-0.0027926640128282183,-0.00541888451336827,-0.00022853173271233836,0.004190072695586357,0.0013618656046938539,0.0069662932718865785,0.005035442530984156,0.0033125122504861007,0.008571273670486686
MUMINUS,38000.0,39000.0,38500.0,2783,94658,-0.007500287513336135,-0.010216359416848769,-0.0051335426215104495,0.0027342834740056335,0.0005350732930606711,0.005368756299084938,0.007983145927447793,0.006131251864911616,0.010773774057202257
MUMINUS,39000.0,40000.0,39500.0,2749,90368,0.0006231447690502446,-0.0019191055313458822,0.003285063917151734,-0.0009310633386207631,-0.003375433667488221,0.001235776177939927,0.0011203518838821687,0.0014943725181942463,0.0051498004206708935
MUMINUS,40000.0,41000.0,40500.0,2540,79627,-0.0022104350009750865,-0.005004000256109046,0.000881569978325973,-0.0010940229937720413,-0.0044645678225430155,0.001412853786436915,0.002466355449735028,0.002135516713709588,0.006681659934020312
MUMINUS,41000.0,42000.0,41500.0,2191,75350,-0.0020997717318733877,-0.005011815254474177,0.00040394414641835264,0.0019313173540303169,-0.0006517053710784733,0.00429313631126881,0.0028528981839443957,0.0021188310145326596,0.006342856442425981
MUMINUS,42000.0,43000.0,42500.0,2109,64042,-0.004301013136381583,-0.006762443807078427,-0.001409621503165926,-0.0010722401938446943,-0.004351594548884873,0.0029357803153161554,0.00443265304672304,0.0032717893387666608,0.00822754322531766
MUMINUS,43000.0,44000.0,43500.0,1957,53214,-0.004656234491580513,-0.008086289488828448,-0.0011901403710173199,0.0043195502171119145,0.0009195781271912202,0.007744404918095846,0.006351301734190845,0.004290996565946005,0.010769858280029136
MUMINUS,44000.0,45000.0,44500.0,1888,71392,0.0018068975033471253,-0.0009747917315721369,0.0046604244503230426,0.0005663412183611221,-0.002863245849010834,0.0045803596867174095,0.0018935735959335815,0.002147314391921942,0.007062130252072618
MUMINUS,45000.0,46000.0,45500.0,1887,51560,0.0011260775453734058,-0.002079034945442561,0.004222047443126749,-0.0009432314884128703,-0.004520315331337649,0.0026875138948737267,0.0014689235102372598,0.002166519895247622,0.00711447278357391
MUMINUS,46000.0,47000.0,46500.0,2216,50592,0.00423785276537055,0.0008655461965940144,0.007593677451811318,-0.0024549433758038687,-0.006949609186680064,0.003156499739786569,0.004897565011244069,0.0036554827426597855,0.00992720237894501
MUMINUS,47000.0,48000.0,47500.0,2484,33211,0.0004829771859885504,-0.0040240434959312255,0.00472632145645976,-0.00643042403035323,-0.010168485919640268,-0.002897409972406244,0.006448536281384303,0.0047068684713755535,0.011527720093396096
MUMINUS,48000.0,49000.0,48500.0,2474,22772,0.0019712602316817054,-0.002998829614508833,0.006839177829878384,-0.0018330516966467455,-0.006705496222821105,0.0026337840995431937,0.00269182938233264,0.0029765325473505725,0.010125195273142581
MUMINUS,49000.0,50000.0,49500.0,2421,18416,0.0015067769488686037,-0.003653402697498943,0.00670861314566144,-0.0021671605292905025,-0.0076803261115832785,0.003114484612535244,0.002639500243105969,0.003489965491058111,0.01089496226073994
MUMINUS,50000.0,51000.0,50500.0,2268,16338,0.0062159031276150705,-0.0005550273557262939,0.012315306320811709,0.009270821391271439,0.0028497967255900637,0.015446910605248308,0.011161791117950152,0.006657129819024666,0.019041025459440794
MUMINUS,51000.0,52000.0,51500.0,2133,12916,-0.005873664864111349,-0.011734676329057987,-6.492427595705754e-06,0.001661564901804604,-0.005063705906121083,0.008896131576606132,0.006104157342238578,0.004834746667013333,0.015098316751448963
MUMINUS,52000.0,53000.0,52500.0,1997,11148,0.0006768232817646376,-0.007173573038401182,0.007893866270587852,0.00991604122979152,0.003124615074958258,0.017711093449242564,0.009939112808780468,0.007165942621786692,0.019515274663009778
MUMINUS,53000.0,54000.0,53500.0,1586,7482,0.0035502367863051052,-0.004962643105752605,0.012236907363520233,0.002893597779268922,-0.006136195811548383,0.010415257701451196,0.004580075255607056,0.005503658218220263,0.01658361464130565
MUMINUS,54000.0,55000.0,54500.0,1278,5329,-8.341469429057601e-05,-0.009911252378959007,0.009620280926344534,-0.0021425424807822602,-0.012922500623555839,0.011128339505205925,0.0021441656403319667,0.00624674442837184,0.022021774201270303
MUMINUS,55000.0,56000.0,55500.0,1217,5249,0.005279219553560016,-0.004542807462162931,0.015782037399023313,-0.019527718201115075,-0.029967017540142287,-0.009504879022013898,0.02022874037692044,0.013606068743951379,0.03302184433112245
MUMINUS,56000.0,57000.0,56500.0,1705,11659,0.003674386995115487,-0.003950630139708047,0.009818406653329453,0.004832035620597097,-0.0025484432581153313,0.011283945950430585,0.006070394388224952,0.005208644537917033,0.015130086045894395
MUMINUS,57000.0,58000.0,57500.0,2344,21136,-0.0007588899792454351,-0.006181548315887478,0.004692733415492746,0.005543421342807713,0.00024353941726819875,0.010473712903290215,0.005595125931066718,0.004141996252797579,0.012409916398912818
MUMINUS,58000.0,59000.0,58500.0,2503,19041,-0.00018086036392279774,-0.006419003207536494,0.0051475043770510395,0.007984694255694707,0.002564118876732124,0.013547808178575834,0.007986742316374201,0.005339654109060219,0.015398563579440548
MUMINUS,59000.0,60000.0,59500.0,2451,16343,-0.007128397299600298,-0.012688667605783521,-0.00091113014766906,0.003560129421005593,-0.002335502249098787,0.009275893548166872,0.007967971483085168,0.005321747828851371,0.01504697714705345
MUMINUS,60000.0,61000.0,60500.0,2118,11341,0.007081679953867139,-0.0007675671296941626,0.013571220925747035,-0.010432907187969579,-0.017715329475396807,-0.004084377041846624,0.012609351425104743,0.0090804093909305,0.020586600426558667
MUMINUS,61000.0,62000.0,61500.0,1915,10034,-0.006906617211863575,-0.013997740994614784,0.0002666161191313199,-0.000770395505043364,-0.008997776345706294,0.006957603520367564,0.006949451096698299,0.005634373007302016,0.016535938567413287
MUMINUS,62000.0,63000.0,62500.0,1767,8661,0.005847178892577221,-0.001762310900787997,0.013686018121586057,0.004085232552384058,-0.003550997146644237,0.011832090518273117,0.0071329254874040945,0.005968762912307769,0.018581595014258608
MUMINUS,63000.0,64000.0,63500.0,1640,7400,0.00129507220656976,-0.007530809778928548,0.011104074400645087,0.003665899052535875,-0.004761628269080722,0.012692862191131174,0.0038879336264412865,0.005345360065548352,0.018220531219608847
MUMINUS,64000.0,65000.0,64500.0,1252,4728,0.003468175022569228,-0.007900082736965523,0.013721875457721567,0.008094011344251457,-0.0012413390512253067,0.0185650033461249,0.008805751394858041,0.007698682853035317,0.023585146670416363
MUMINUS,65000.0,66000.0,65500.0,1063,4426,-0.013895559181084094,-0.02414964123122345,-0.0023773659533094962,-0.01336345035702839,-0.026122605709844208,0.0017260222828592389,0.019278702508202482,0.01214022532408364,0.034296186609169985
MUMINUS,66000.0,67000.0,66500.0,894,2915,0.0016980156424807986,-0.01018392304802656,0.014390475083718796,0.00010737901925721156,-0.011551839745822677,0.011955675828387182,0.0017014074690931975,0.007297143151246622,0.0227895518045147
MUMINUS,67000.0,68000.0,67500.0,985,3906,0.018200807354630515,0.007394938756804644,0.028175868691399982,0.007670761975343443,-0.0032793139757900007,0.01798760756793817,0.019751201929066167,0.012098425431130445,0.03249855991913132
MUMINUS,68000.0,69000.0,68500.0,1548,11099,0.0018444515120414424,-0.005365069961615422,0.008381166088518249,0.012387862231619418,0.005207972810732341,0.01918997093846771,0.012524421425752759,0.007529242732641878,0.020769775521119797
MUMINUS,69000.0,70000.0,69500.0,1698,13216,0.00974480474151256,0.0027004527969619533,0.015985756953774046,-0.003389721854706569,-0.010181741073976682,0.0026128434824581686,0.010317530407150784,0.006533295131547483,0.018401495048160656
MUMINUS,70000.0,71000.0,70500.0,1720,14114,-0.011722667583127792,-0.018005740218066894,-0.005323721004839983,-0.004237351873327367,-0.010510655879586333,0.0029330802547840344,0.012464994430921585,0.008264374371515806,0.02031883376693936
MUMINUS,71000.0,72000.0,71500.0,1732,12581,0.0016845202506611595,-0.0055577808017185015,0.008374289048323916,-0.006482053016542959,-0.013678466515901894,-0.0003155971536586664,0.006697359164936669,0.005246584981019088,0.016085590233260786
MUMINUS,72000.0,73000.0,72500.0,1769,12615,-0.012654601317728456,-0.019657075598296846,-0.005862096499878426,-0.0014923513313275913,-0.008426420916178005,0.004658860994651773,0.012742293632104466,0.008346311539659465,0.021401396292359896
MUMINUS,73000.0,74000.0,73500.0,1715,12505,0.0005139760355394268,-0.006229532491758044,0.006894941764163944,-0.004674420468856907,-0.012696208346419617,0.0018620073708081972,0.004702592698158883,0.0045114658045129555,0.014746379464612273
MUMINUS,74000.0,75000.0,74500.0,1675,11937,-0.004584047656162243,-0.011955549615304935,0.0027226617368232143,0.004907475744923006,-0.0016007501034688662,0.012113849125132569,0.006715415929112222,0.0056535433737048965,0.016668003945860627
MUMINUS,75000.0,76000.0,75500.0,1749,12399,0.00514848265985766,-0.0024401082475862088,0.01245703077841709,0.003410780929962591,-0.003901267133629941,0.010859011095939675,0.006175783371447826,0.00498131003339088,0.016519916883084303
MUMINUS,76000.0,77000.0,76500.0,1686,11376,0.004626576898312464,-0.0035462226106540828,0.010858706009497298,-0.000508554239829635,-0.006982610154657833,0.005906871836267897,0.004654443168720323,0.004808973925301547,0.014354544462070615
MUMINUS,77000.0,78000.0,77500.0,1691,12638,0.0027029996696177495,-0.003253614881213153,0.008823661148218262,-0.005789153644080689,-0.012798016274863124,0.0006428703442162506,0.006389092825176856,0.005085886594651403,0.015629315198528598
MUMINUS,78000.0,79000.0,78500.0,1728,13508,-0.002332787602766177,-0.008157185945464017,0.004448437427595521,-0.009811198980603217,-0.016785775467189342,-0.003029101172103507,0.010084717320609893,0.006811047604954446,0.01861271090028888
MUMINUS,79000.0,80000.0,79500.0,1734,11582,-0.0005484934485609624,-0.007599444068283762,0.007170659618871981,0.002157204478835054,-0.004699168253315295,0.008355753379268123,0.0022258428126487985,0.00402232708941014,0.014359249278764431
MUMINUS,80000.0,81000.0,80500.0,1737,12375,0.0012686640328258474,-0.005952596600297622,0.008233163717504745,-0.00042231472231908656,-0.007711086844352267,0.005971111526187311,0.001337108130583832,0.004046960530922276,0.013492716025044918
MUMINUS,81000.0,82000.0,81500.0,1670,12028,0.006849384144211201,0.00017821690497536185,0.013162607547875077,0.0025375970450805556,-0.004066226015136886,0.009256413866520034,0.007304345413394233,0.005243880392406732,0.016427774392533238
MUMINUS,82000.0,83000.0,82500.0,1700,13107,0.002090031196072574,-0.0053985752250513205,0.009589989024213841,-1.4356390232977884e-05,-0.007142335927196861,0.006070733920236404,0.0020900805023962776,0.004424291234092499,0.01435033899722521
MUMINUS,83000.0,84000.0,83500.0,1677,11159,-0.0005340010992961826,-0.007059495272092704,0.00663452881716958,0.001829653370211322,-0.005184734815829879,0.008685948392199397,0.0019059875731953712,0.00462493572262595,0.013326009088626124
MUMINUS,84000.0,85000.0,84500.0,1750,13333,0.0014447544418625536,-0.00526547365402373,0.008219540683843275,-0.004420084709627145,-0.01220200103375771,0.0023417806987057056,0.004650211203543476,0.004537371920418533,0.014822279903159744
MUMINUS,85000.0,86000.0,85500.0,1651,12521,0.0008643010331892803,-0.005567508398462142,0.007234380740454479,-0.005035035246840894,-0.011669860975880223,0.0019485771873825129,0.00510867851923589,0.004836388356790289,0.014716296838550844
MUMINUS,86000.0,87000.0,86500.0,1738,13559,-0.010294734946779734,-0.016218983837542545,-0.004158760192027901,0.0017990243685452123,-0.00497456331514238,0.00946771167823755,0.010450744294215003,0.007480934300509759,0.018874360558446254
MUMINUS,87000.0,88000.0,87500.0,1723,12701,0.0023458978036991164,-0.004645097644543516,0.010036273441366612,0.0005185034497486656,-0.006407120500021043,0.00814416935310956,0.002402515834037646,0.004508749066276776,0.014178114516686888
MUMINUS,88000.0,89000.0,88500.0,1682,11587,0.010019949305770192,0.002527348720144212,0.01679350356701148,-0.0040038937872999255,-0.010495875731186972,0.002976769801190526,0.01079029886287602,0.007057041321725687,0.01895576037080986
MUMINUS,89000.0,90000.0,89500.0,1705,12711,0.009195488326407625,0.0010962440688425455,0.016250172276759806,-0.0023750303265126574,-0.009431476365532812,0.003945191135954838,0.009497250897652106,0.005689869035458379,0.018335468835994847
MUMINUS,90000.0,91000.0,90500.0,1689,11127,0.009561293331092255,0.003005466717868876,0.015749957165920047,-0.0001999831372854983,-0.007355956779995987,0.0073463771353469804,0.009563384516915952,0.006350550058494988,0.01835291074806653
MUMINUS,91000.0,92000.0,91500.0,1685,12337,-0.0016093045887409605,-0.008264575219731144,0.005236712768823408,-0.003701147666368928,-0.011167749612461156,0.0032241882581337295,0.004035883460608207,0.004463914667767437,0.014317703920555433
MUMINUS,92000.0,93000.0,92500.0,1745,12912,-0.004365346981465127,-0.010724573510686888,0.0019306180360947253,0.00036846609681619554,-0.007115246678960029,0.0077294699173111455,0.004380869951629431,0.00434470817356877,0.014571510106013198
MUMINUS,93000.0,94000.0,93500.0,1778,14620,0.0031980341441746832,-0.003138640041365885,0.010183672338944152,-0.0027229641514816398,-0.008886791563352378,0.0036716419570431993,0.0042002328694444105,0.004363482427455187,0.013524223377625615
MUMINUS,94000.0,95000.0,94500.0,1715,11736,-0.00438899347397991,-0.011726700161068028,0.0025784948615231967,-0.016352111228370162,-0.02346165214635441,-0.009023658122040751,0.016930883182504915,0.011398299700517329,0.025859157455340155
MUMINUS,95000.0,96000.0,95500.0,1776,11839,0.018629461893837972,0.011043184087353303,0.026102028315786455,0.01282592365278791,0.006346636686850817,0.019359371505185293,0.02261771801046926,0.017259882006337813,0.030149616083134878
MUMINUS,96000.0,97000.0,96500.0,1755,12657,-0.0019463171561031323,-0.009131903947022164,0.004601518686544497,-0.010828108430204219,-0.01750007003053313,-0.002866712509117233,0.0110016399981276,0.007145051083259769,0.01986983938731133
MUMINUS,97000.0,98000.0,97500.0,1726,12798,-0.008294872592682705,-0.015287720497915354,-0.0019476034703238116,0.01058826567659841,0.0034821518697673746,0.017793855112509166,0.013450512308721579,0.008891869091365755,0.022379733371277334
MUMINUS,98000.0,99000.0,98500.0,1701,11656,0.009281662060909154,0.002503215323633641,0.01699967363010697,0.0009647439101765508,-0.005241984327879174,0.008485154979414607,0.00933166552257115,0.00608172073457308,0.018693993888954038
MUMINUS,99000.0,100000.0,99500.0,1693,13209,0.00014290507732879018,-0.006414269132931164,0.006905243314292793,-0.00501041173750447,-0.011578891234186674,0.0010650028236318864,0.005012449265623435,0.005083921648202271,0.014466539560888964
MUMINUS,100000.0,101000.0,100500.0,1711,12683,-0.005374030394898248,-0.012553807885290279,0.002316619464382857,-0.0036468418362978617,-0.010421676520933213,0.002817647513028935,0.006494586827833051,0.004693932946496232,0.016476116321068872
MUMINUS,101000.0,102000.0,101500.0,1688,11394,0.006755813863503397,-0.00037642141441787387,0.014644429894734537,-0.017114920133969362,-0.02402378963322217,-0.010080601413186301,0.01840004109099908,0.013176339227323352,0.027276556114000573
MUMINUS,102000.0,103000.0,102500.0,1682,13061,-0.010398693924663773,-0.0168232562470057,-0.0034938586884359552,-0.00014267763381397945,-0.0067798319841777975,0.006268425521521629,0.010399672698985772,0.006704256107097649,0.018228067183366007
MUMINUS,103000.0,104000.0,103500.0,1757,12762,0.00415202244059881,-0.003155699558480404,0.010236947003928056,0.0032875891035951525,-0.0033358753439142294,0.010136197675622599,0.00529599211303356,0.004513152000709978,0.015084278171114745
MUMINUS,104000.0,105000.0,104500.0,1729,14895,-0.003750252715606031,-0.009703511232209338,0.003030194286026693,-0.00555824834159364,-0.011947120198436224,0.0007692601157545864,0.006705111487345968,0.004880490950150244,0.014808763440787872
MUMINUS,105000.0,106000.0,105500.0,1673,10228,-0.008521835004220216,-0.016141326453411042,-0.0013429397611880924,-0.011178054531747503,-0.01785440694316494,-0.0045111178241393,0.01405598004245431,0.009121573166547825,0.022520190859098194
MUMINUS,106000.0,107000.0,106500.0,1776,12507,0.007138422263197097,0.0006158348549491719,0.01319678490877217,-0.004274440934911018,-0.011077017088283394,0.001892283680969249,0.008320331586766897,0.005669246333299599,0.016441305431731654
MUMINUS,107000.0,108000.0,107500.0,1646,11402,0.00444206002092753,-0.0016092313471753644,0.01135846668428108,-0.004518273106589211,-0.012599869609941689,0.0032840845243582452,0.006336141498992112,0.0047198689256779626,0.0169838104308375
MUMINUS,108000.0,109000.0,108500.0,1779,13383,-0.002622361535682589,-0.01036540423588057,0.0036986725895344795,0.0004255834301056778,-0.006314847056243878,0.007137153913581535,0.0026566710898807294,0.003945060491854004,0.013687857653161285
MUMINUS,109000.0,110000.0,109500.0,1755,12855,-0.002579958706004118,-0.008918479642284389,0.0037933409728339858,0.0015155223167780583,-0.0050684403570404445,0.009476851296660307,0.0029921555469826057,0.004036914902985051,0.013970937742378774
MUMINUS,110000.0,111000.0,110500.0,1679,11606,-0.0012915609028854571,-0.00867285510390669,0.004435558760179415,-0.014031028176302151,-0.02074705482655368,-0.006869036768197442,0.014090347094732874,0.009020341928069681,0.02270097957546799
MUMINUS,111000.0,112000.0,111500.0,1675,11965,-0.0009804214529758899,-0.008992488527745398,0.006194045456997466,0.008532156760189405,0.0026147100946312387,0.014886097869078034,0.00858830164851591,0.006364874068937908,0.0176599199199845
MUMINUS,112000.0,113000.0,112500.0,1732,12751,-0.01173957458038341,-0.017935137142682182,-0.004928915812241334,-0.009682952208015771,-0.015835034882675368,-0.0031592321746232344,0.015217659964367117,0.010015341302358826,0.022258197107355937
MUMINUS,113000.0,114000.0,113500.0,1677,12264,-0.0034964234326203226,-0.01015057576269059,0.003253252123282566,-0.002124897666265515,-0.00962832030185447,0.004793036398123268,0.0040914749067148285,0.004613711930064868,0.015159762237571336
MUMINUS,114000.0,115000.0,114500.0,1649,12592,0.0007600477111145145,-0.006036059373187279,0.0075406460586022635,-0.0023497438098289028,-0.008479769861990115,0.004327112811768704,0.002469608976133602,0.0038389086335202773,0.012916039861868307
MUMINUS,115000.0,116000.0,115500.0,1709,12607,-0.01175574666326985,-0.01920625664635121,-0.004044205441748636,0.005744324897146685,-0.0013976158379387924,0.01247706455828704,0.013084144914168426,0.008505385199307536,0.021947536991533564
MUMINUS,116000.0,117000.0,116500.0,1672,11726,0.0035430976589975955,-0.00378939082498975,0.010153984493049495,0.007481483548608791,0.0007019335543577168,0.013223255882588528,0.008278051528548143,0.005323483835803081,0.016802157338718735
MUMINUS,117000.0,118000.0,117500.0,1707,12222,-0.0036218482234208287,-0.010486505064592954,0.0026462419576040314,-0.0163910669291859,-0.02252021796785667,-0.009122470574836755,0.01678644869025454,0.011494840329933354,0.024375474667811932
MUMINUS,118000.0,119000.0,118500.0,1694,11986,0.004109821720169732,-0.0034985038562669233,0.011386369464410915,0.0031280222264873604,-0.0035526033333210076,0.010457260685953497,0.0051647998626256405,0.0049505933140504815,0.015617650541620134
MUMINUS,119000.0,120000.0,119500.0,1717,12244,0.0003325494801156078,-0.006921528407967751,0.007504903808159839,-0.00868174045296564,-0.016029723703345704,-0.0023360089675170956,0.00868810718450142,0.006425055896101574,0.017933038001633598
MUMINUS,120000.0,121000.0,120500.0,1688,11973,-0.001305413616610474,-0.009330860570016652,0.006042626235614792,0.01580851990879907,0.009543205652279901,0.022546891854574078,0.015862326639472804,0.011597032994129085,0.024109833691066094
MUMINUS,121000.0,122000.0,121500.0,1695,13599,0.005838947305920237,-0.00042679719545938335,0.012731463868909791,-0.005474940817405249,-0.010592460595835589,0.0008138417025735038,0.00800426652451074,0.005495647306430226,0.016364185970146748
MUMINUS,122000.0,123000.0,122500.0,1716,14071,0.002814120302164706,-0.0028642948837330423,0.009759677937105781,0.0013419261635091416,-0.004129328955891368,0.0074854464993181526,0.0031176976927479575,0.0041613781213051875,0.012927375617129923
MUMINUS,123000.0,124000.0,123500.0,1708,12100,-0.00037360754716719987,-0.007148280997654083,0.005162751048890411,-0.0026105467859229405,-0.010398522708200339,0.004309424313948067,0.002637145638904474,0.004102217191582183,0.013955511428439957
MUMINUS,124000.0,125000.0,124500.0,1731,12001,0.0017060058824408166,-0.00565433675610518,0.008511010902483926,-0.004358586356207387,-0.01110342797485518,0.003225351671746748,0.0046805695268246844,0.00462867373279896,0.015273267393633124
MUMINUS,125000.0,126000.0,125500.0,1644,12117,0.0028340777266122404,-0.0034245455465353888,0.009414767499476081,0.004967678947613031,-0.002299212715084856,0.01263850904440352,0.005719250885127992,0.005023167559443595,0.015415411670465591
MUMINUS,126000.0,127000.0,126500.0,1673,10530,0.00906894904155974,0.0016469944386669924,0.017276980595173453,-0.0022759313163146565,-0.010397556018794014,0.004243909206026809,0.00935017112543878,0.006103913608804861,0.020069589297242563
MUMINUS,127000.0,128000.0,127500.0,1736,13991,0.005929887028197046,-0.0003091682603764125,0.012772856857564154,0.006181118587479715,-0.0012321912902710215,0.012922356143889663,0.008565616566229593,0.005570623903991325,0.017259001017874618
MUMINUS,128000.0,129000.0,128500.0,1693,13313,0.0017152982324202329,-0.003998619439723985,0.009155391026761618,-0.000185888960610957,-0.0061036377352093095,0.006711626322554161,0.0017253413377708764,0.0038537022385395268,0.013233079176786035
MUMINUS,129000.0,130000.0,129500.0,1795,11608,-0.0007938145351428032,-0.0072582410188860545,0.006476559369924441,-0.009017534788667465,-0.016039949408384626,-0.0006220570952332134,0.009052407148434718,0.006352683880987986,0.01834086021236306
MUMINUS,130000.0,131000.0,130500.0,1743,13602,-0.0038707352660274836,-0.010737669357840504,0.0033699244088350286,-0.004644871792370229,-0.010861180413500118,0.0011495908157624598,0.006046273684446105,0.0047931561851253445,0.015257790038867737
MUMINUS,131000.0,132000.0,131500.0,1748,12971,-0.00863933876282756,-0.014536108464408379,-0.0015334271258113745,-0.0009307128074699318,-0.007251804508942466,0.005401152292799305,0.008689326820236617,0.005954518954258713,0.016841893017221846
MUMINUS,132000.0,133000.0,132500.0,1690,11414,-0.01289382523549543,-0.02177024660707877,-0.006320340636079555,0.007759397321242323,0.001600805163760004,0.01523824471635219,0.015048553950210675,0.011239120366039912,0.02465608363784657
MUMINUS,133000.0,134000.0,133500.0,1772,11892,-0.001667251161958393,-0.008318623918974116,0.005344996941720434,0.009254169491709093,0.0017811744246913782,0.01578170911437139,0.0094031579492387,0.0053776802105278436,0.01790750212742454
MUMINUS,134000.0,135000.0,134500.0,1716,13283,-0.004458282449075817,-0.011041536147347032,0.0030346297716361405,0.007375104514220941,0.0012842564060654648,0.012507588333783758,0.008617914422377353,0.005806131433819465,0.016015965187593947
MUMINUS,135000.0,136000.0,135500.0,1713,12100,0.002884970751513096,-0.0036503870220623517,0.00952386560610191,-0.003329887368343121,-0.009937465801257246,0.0035107631269556848,0.004405815035034621,0.004046742611703197,0.014011177660872686
MUMINUS,136000.0,137000.0,136500.0,1760,13509,0.0016727804825047634,-0.00428963930961244,0.007521150893387159,0.009908707248295888,0.004381272806609161,0.016388881811389422,0.010048914064468874,0.006769305525668914,0.017886682168237026
MUMINUS,137000.0,138000.0,137500.0,1714,11391,-0.0001639217545882001,-0.007558356371273932,0.007142022930308021,0.01436664940287778,0.007896115608208413,0.020755871306213022,0.014367584536268989,0.009991247575014081,0.022759077589354876
MUMINUS,138000.0,139000.0,138500.0,1673,11779,0.006374972691535937,-0.0009208459176817011,0.013512526723022179,-0.004930369261609914,-0.012004809190518306,0.0024207651934419097,0.008059082942472848,0.005621294815177829,0.017198478695225325
MUMINUS,139000.0,140000.0,139500.0,1756,13236,-0.009629648016990101,-0.01577556560281794,-0.003325068275658165,-1.250976879329558e-05,-0.007125412730313709,0.007062100139778793,0.009629656142637527,0.00648880615755257,0.017996540289447104
MUMINUS,140000.0,141000.0,140500.0,1680,12071,0.001697107702145415,-0.005606447147346491,0.008882166501123352,0.010298370189778097,0.003592471080673774,0.017596543443560216,0.01043726990732689,0.007881881029518636,0.01945785379871661
MUMINUS,141000.0,142000.0,141500.0,1724,13030,0.013918929386797271,0.006673867439370634,0.020152381422247918,0.007857887098690869,0.0009112323995906657,0.015037714476938193,0.015983835113339385,0.010614703284803758,0.023996441277420164
MUMINUS,142000.0,143000.0,142500.0,1753,11925,-0.004404354200925897,-0.012144721946700725,0.002933197636695379,-0.006784537410127979,-0.01396182851474549,0.0007889626094716704,0.008088775172833008,0.005620873230203674,0.017827154409926712
MUMINUS,143000.0,144000.0,143500.0,1776,13897,-0.007494826670617253,-0.01366994487303956,-0.0012260637206755955,-0.001586385796629388,-0.007120599569696246,0.003481859192877889,0.007660877672848142,0.00493900289838406,0.015796532746782777
MUMINUS,144000.0,145000.0,144500.0,1780,13944,0.014544023344890107,0.008394916926835808,0.02053145779129729,-0.005951999536831653,-0.012306778362909273,0.000591778044011866,0.015714799188763205,0.011198514326992579,0.022988919197302293
MUMINUS,145000.0,146000.0,145500.0,1658,11491,-0.0002768509217279488,-0.007684232771227567,0.006929426289288062,-0.005927440892308878,-0.012983004397557339,0.001155474040990506,0.0059339027599613625,0.0051464314310035834,0.015942809550546343
MUMINUS,146000.0,147000.0,146500.0,1734,12787,-0.01468121535650985,-0.02237694585688424,-0.00828296261595295,0.003775924108484604,-0.002286220207837706,0.011127341140432402,0.015159013398544639,0.010928235807357406,0.023690150744626003
MUMINUS,147000.0,148000.0,147500.0,1624,10944,0.0020329170927231234,-0.004096168134506779,0.009182996600671633,0.009476305111210108,0.0030274414100038257,0.01701298248727493,0.009691909536651312,0.006636445387041183,0.018382347011838884
MUMINUS,148000.0,149000.0,148500.0,1647,11795,-0.015536340383360547,-0.02076747341024716,-0.009549996704118584,0.0031622039555407543,-0.004194079178686966,0.011580266336314263,0.015854885883035467,0.01150623799314238,0.022636756851403792
MUMINUS,149000.0,150000.0,149500.0,1816,12053,-0.010684711231618663,-0.016843910218165996,-0.004008691433531475,-0.00033270340644206816,-0.006948925210678826,0.0063262036428776095,0.010689889880617861,0.006697616845401175,0.019035017051929348
MUMINUS,150000.0,151000.0,150500.0,1692,13293,-0.007082490701654598,-0.013813477929137351,-0.0007465526069110271,0.0015064139056575,-0.0053510203507733745,0.007685490446385966,0.007240922413213811,0.00598465116916687,0.016131360010478747
MUMINUS,151000.0,152000.0,151500.0,1745,12289,0.0031754769023814465,-0.0031377788088394047,0.009970511770730009,0.00989857924992719,0.003426729203008172,0.01644243035927439,0.010395456927170022,0.006930494917557631,0.0184043430664005
MUMINUS,152000.0,153000.0,152500.0,1681,11512,0.0013987824829790533,-0.005796353315025033,0.008622825438036661,-0.006375723733916648,-0.013560849811137601,0.0012594635442495703,0.006527361301928758,0.005232396257793778,0.016150315403313673
MUMINUS,153000.0,154000.0,153500.0,1662,12834,-0.0031018590467925267,-0.010383033919121258,0.004035588624348258,-0.0065491761515246725,-0.013713225200779855,0.002040810920790509,0.007246601811184892,0.005740842371171687,0.016823969747842716
MUMINUS,154000.0,155000.0,154500.0,1651,12498,-0.00472472877619257,-0.011461380665503536,0.0026896275351714865,0.009651118329466305,0.0023111062925807997,0.016743689457686162,0.010745564062344174,0.006943071077271956,0.01910698910890236
MUMINUS,155000.0,156000.0,155500.0,1685,12418,0.009737028897928126,0.0030386404360250754,0.01628211884305363,-0.017583991417474357,-0.02398192966332161,-0.010332611275887051,0.02009991258510592,0.014348663136819604,0.027533945689288707
MUMINUS,156000.0,157000.0,156500.0,1752,13869,0.010046508153933199,0.0026651520141037165,0.01824327970488759,0.0027775961903410045,-0.003993935247673036,0.008475499431893938,0.010423404754860243,0.006526976632840674,0.020397490447969877
MUMINUS,157000.0,158000.0,157500.0,1775,12831,0.009827979407075964,0.0033991161798838034,0.016108041877119235,0.007571143683875654,0.00014307119378988812,0.014495231871080172,0.012406103171737667,0.007966421381177695,0.0204336565113456
MUMINUS,158000.0,159000.0,158500.0,1644,12614,0.004768404929924207,-0.0020491364967908437,0.01183936950844118,-0.004186175475202607,-0.01070600022458697,0.002959889485266308,0.006345214786349887,0.005042390089772279,0.015597500466087292
MUMINUS,159000.0,160000.0,159500.0,1705,12639,-0.0005309709244788184,-0.006630303257811969,0.0053527565246333725,-0.006878842152689181,-0.01383924566277332,-0.00017324007800957107,0.006899304275378455,0.005045993642417709,0.016447817070625446
MUMINUS,160000.0,161000.0,160500.0,1696,11491,0.002809976244095031,-0.0038424760100308508,0.010120487908372307,0.00963830156781956,0.002130071623677715,0.01622359940641498,0.01003956291900257,0.00675542304958396,0.019005714047358235
MUMINUS,161000.0,162000.0,161500.0,1704,13472,0.005176932710184481,-0.0006116945900255731,0.011499701224810503,0.00595747948646108,0.0006579263855893974,0.011704791124522194,0.007892540409613536,0.005111090840335377,0.015380339094091915
MUMINUS,162000.0,163000.0,162500.0,1666,11262,0.0024148328662272228,-0.004254086490607372,0.009480423301687713,-0.011792936637026817,-0.019413473200991883,-0.004767468945994091,0.012037639814213606,0.008095296981193267,0.020954283907134823
MUMINUS,163000.0,164000.0,163500.0,1743,12702,-0.006866879998664305,-0.013885699061857345,-0.000577326013785671,0.009472540369955859,0.0026671455469235335,0.017094782318493287,0.011699703499512258,0.00753427266853916,0.020533855109339683
MUMINUS,164000.0,165000.0,164500.0,1684,13030,0.0033858213363328034,-0.0023164804189567375,0.00963917190325074,0.0069638266097523955,-0.00038222563373886936,0.014363399768823528,0.00774329821021133,0.005812916956065224,0.01659082529050071
MUMINUS,165000.0,166000.0,165500.0,1695,12091,-0.0071345716427175555,-0.012962979636283829,-0.0004468581699011862,-0.00745449120885591,-0.014267925616947631,-0.0003779820213981961,0.010318505303966245,0.007181599726990274,0.017947547893605854
MUMINUS,166000.0,167000.0,166500.0,1671,12514,-0.005997090397035015,-0.012745750781880187,0.0012580363358626581,-0.00709283353397486,-0.01369402768053788,0.0003121002321872822,0.009288346503597285,0.006070234403401508,0.018306500001530477
MUMINUS,167000.0,168000.0,167500.0,1747,12018,-0.004823315862769813,-0.010785997475893058,0.0015825504125909597,-0.0012655349839612118,-0.008612216661156632,0.004896479629661793,0.004986577454294339,0.004436999591746064,0.014188770846718667
MUMINUS,168000.0,169000.0,168500.0,1783,14290,0.004188510700975825,-0.0016435549078286813,0.011265162113273388,-0.008705050141844368,-0.014703896899789652,-0.0020671519310787607,0.009660306406331719,0.006022736416026487,0.01789958745968055
MUMINUS,169000.0,170000.0,169500.0,1758,12361,0.014499026486118956,0.00818628241015351,0.022286640082964247,0.010764015247899418,0.0034210111132090383,0.017800391223284785,0.01805784575474578,0.013553663076251271,0.026451182415914407
MUMINUS,170000.0,171000.0,170500.0,1641,13859,0.000653352669539002,-0.007217732006936279,0.00859869563481489,0.011843060105050516,0.006378080352878126,0.017413204005910544,0.011861068348282666,0.008947790304363072,0.019728609820740244
MUMINUS,171000.0,172000.0,171500.0,1637,11986,-0.0004923948429931284,-0.007727738845917674,0.006065338946313143,0.009147505630828421,0.0028258011553877983,0.015720203753975395,0.009160748438170534,0.006561372163749805,0.018059494786035
MUMINUS,172000.0,173000.0,172500.0,1707,13870,0.005380664140439235,-0.00151730805537869,0.012493565398011497,0.005087887321852107,-0.001868228715235916,0.011380389847720739,0.007405278117131867,0.005686635208608221,0.016015501775547072
MUMINUS,173000.0,174000.0,173500.0,1719,12951,-0.003966130943681713,-0.01092374585919314,0.0027792961065290995,0.0011798535651449226,-0.005164506482374055,0.00767702213706664,0.00413790394978119,0.004874540270603492,0.014684076265063344
MUMINUS,174000.0,175000.0,174500.0,1752,12212,-0.010630555206873213,-0.018196213287446188,-0.0034267236228807084,-0.005339036398270778,-0.013059466758762893,0.0010656232240077105,0.011895966277206715,0.007651442744669094,0.02155051205291896
MUMINUS,175000.0,176000.0,175500.0,1709,11656,0.00590184747417596,7.559564214711296e-05,0.012598761689170523,0.010491608226377635,0.003505983896230131,0.017564038498118086,0.012037676137204889,0.008101489845639642,0.02063627333115357
MUMINUS,176000.0,177000.0,176500.0,1629,12719,-0.01557342233258384,-0.022996059804294693,-0.007906580296717427,-0.002284479985608202,-0.008943183320967893,0.004623115192627302,0.01574008678354937,0.009992478797667313,0.02429062096280642
MUMINUS,177000.0,178000.0,177500.0,1662,12951,-0.00762274424880434,-0.013927789029803642,-0.001777062823287283,-0.007512054749105692,-0.014646720116488817,-0.001606481674722223,0.010702205213704371,0.007665663562440525,0.01886915957644297
MUMINUS,178000.0,179000.0,178500.0,1679,13092,0.0013871995535588426,-0.005057062873774605,0.007976239077704346,0.001105586107946349,-0.005514884008520272,0.008616790843492865,0.001773878023844314,0.004244345507939248,0.013102401325286072
MUMINUS,179000.0,180000.0,179500.0,1741,13716,0.0008173098918809251,-0.005615681692754467,0.007172677610186473,-0.00014715269276650565,-0.006687261049031425,0.006608436493993344,0.0008304513076363016,0.003991320553374221,0.012485424057004053
MUMINUS,180000.0,181000.0,180500.0,1648,12502,-0.012291483275946737,-0.018847821799023494,-0.005104161640890253,-0.0056432079432270936,-0.011727200823676077,0.0010561377443663443,0.013525027061465706,0.007886100418419504,0.02135690425616281
MUMINUS,181000.0,182000.0,181500.0,1707,11579,0.0021860294188686125,-0.00541246254303108,0.00910948457584555,-0.005950111967967284,-0.01240515517277909,0.001171388049064055,0.00633897129284449,0.005199818984385397,0.015363740534503546
MUMINUS,182000.0,183000.0,182500.0,1655,12107,0.010559282058525113,0.003715269988192944,0.017042100593415047,-0.0010492906491131957,-0.00816990852996638,0.005750202813002626,0.010611288727473528,0.007152065573683241,0.019094759160999966
MUMINUS,183000.0,184000.0,183500.0,1650,12294,-0.0018179392892431806,-0.009471504549798341,0.005354956458222564,0.006720335892837573,-0.0004495805528251817,0.01454121196169629,0.00696188320585278,0.005805698856981861,0.017434539621061677
MUMINUS,184000.0,185000.0,184500.0,1759,13212,-0.00451523553869738,-0.010706206249561137,0.0018753236885064837,-0.005659992421395491,-0.012226903487199134,0.0006112766796416323,0.007240363677341782,0.005387661341066859,0.016002658908402422
MUMINUS,185000.0,186000.0,185500.0,1681,11355,-0.009528646059536763,-0.01618922547765475,-0.002383421747753853,-0.0056567571629067386,-0.012632859763234028,0.0028431031366347574,0.011081245296807672,0.006886315495389718,0.01971368566349813
MUMINUS,186000.0,187000.0,186500.0,1721,13975,-0.003596363759355758,-0.010233894557561544,0.0027089996919774607,-0.0022478271753694143,-0.008498013883497166,0.003667760530130592,0.004241056389620011,0.0038222946916542716,0.013125989434364613
MUMINUS,187000.0,188000.0,187500.0,1739,13235,-0.003099834281583664,-0.008833093958687678,0.0026191755073093227,-0.0036607257279035127,-0.00988340559464661,0.0021555677696966217,0.0047968620397313925,0.003927096213551533,0.013323200990035412
MUMINUS,188000.0,189000.0,188500.0,1671,12421,0.006550311122985482,0.00039678828459936835,0.013217308354129693,-0.0038473827117187533,-0.010395414272114878,0.0030377972734261104,0.007596639358185939,0.0055152864054085786,0.015906247536500065
MUMINUS,189000.0,190000.0,189500.0,1678,13741,0.002082883843701851,-0.0044934869987481975,0.008535063386918425,-0.0011083264297835006,-0.006733058952150102,0.005124729383842536,0.0023594051329330528,0.0037995434004682656,0.01258173385351242
MUMINUS,190000.0,191000.0,190500.0,1711,13153,0.007380398335130535,-0.00015427566423702576,0.014240058994822783,-0.0068707845237984694,-0.01296919088158071,0.0005566670327627138,0.010083548956476888,0.006597258922551761,0.018048008171252194
MUMINUS,191000.0,192000.0,191500.0,1717,12892,-0.00023880927485040167,-0.007838334228947464,0.006994283242921347,-0.00706758260939189,-0.0140988040258212,-0.0008934792948479867,0.007071616067797604,0.005744545429232498,0.016527419410947933
MUMINUS,192000.0,193000.0,192500.0,1781,11758,0.005297575094717509,-0.002418624421235478,0.012868231532959013,0.006849300237441131,-0.0003221929738425561,0.013073708906414407,0.00865893848152199,0.005621547526538246,0.017488379193570047
MUMINUS,193000.0,194000.0,193500.0,1711,12079,0.008030758287037917,0.000699611714464193,0.015476018098645029,0.004397178849473212,-0.0021733054466790574,0.01150525793084025,0.009155777438267202,0.005551418174863402,0.018497079549730813
MUMINUS,194000.0,195000.0,194500.0,1734,13940,0.002263609788938025,-0.0035151189422178443,0.008832413223148183,0.007827052260956924,0.0002655503281037763,0.014586474297658459,0.008147801935020692,0.005733207963501845,0.01594124374230079
MUMINUS,195000.0,196000.0,195500.0,1722,12908,0.004867491592909894,-0.0020228445423339236,0.010741977947364948,0.0003741382195203001,-0.006855618357194246,0.007721818779222873,0.004881849425612625,0.00471378536227445,0.01489936650924194
MUMINUS,196000.0,197000.0,196500.0,1747,12808,0.002121665069549172,-0.0038359048042992134,0.008133896143134171,0.006108424587727314,-0.0016786526607882168,0.01353629225317074,0.006466398813195541,0.004943978676191884,0.015598294377290697
MUMINUS,197000.0,198000.0,197500.0,1642,11865,0.0018015351244320137,-0.005687196547447979,0.008689466709925639,-0.008708630819347793,-0.015108420162974806,-0.0022622718943882277,0.00889301858494946,0.0065940928747860485,0.016847574204711956
MUMINUS,198000.0,199000.0,198500.0,1682,12451,-0.0019883594622610522,-0.00834965348098408,0.004077655791767932,0.004148716546097367,-0.002627890360352353,0.010432105649907722,0.0046005893460539515,0.004330096793630554,0.013814365226784463
MUMINUS,199000.0,200000.0,199500.0,1788,13885,-0.0065404588810541375,-0.013660739194136016,0.000524159163747623,0.0017874800975271334,-0.005355202413266089,0.0092927325428991,0.0067803161780123165,0.004719074696656503,0.017178023735408162
MUMINUS,200000.0,201000.0,200500.0,1675,13056,-0.0024282593507925464,-0.008869783288796911,0.004282055732703918,0.0021734330591631507,-0.0035963851322348946,0.008173186336471005,0.003258873231252595,0.0038085088309937933,0.013250921662497112
MUMINUS,201000.0,202000.0,201500.0,1700,12711,0.014081779806486608,0.007863804599571847,0.020179248626374092,0.0032437156950873725,-0.0040747537232577995,0.01038214336376665,0.01445054372779551,0.010832828894562354,0.021996738819853298
MUMINUS,202000.0,203000.0,202500.0,1733,13625,0.002086680463164908,-0.004575488991250389,0.009142089257654818,0.0008486239949391873,-0.006331777796821301,0.0076641016882736095,0.0022526424572356487,0.00421746291002373,0.014101151457600661
MUMINUS,203000.0,204000.0,203500.0,1806,12847,-0.0002148030992126216,-0.007068132978356672,0.006272883839509565,-0.003350483105870278,-0.010118209059241906,0.003800124175462528,0.0033573616746119996,0.004151005650566225,0.014124026334606746
MUMINUS,204000.0,205000.0,204500.0,1729,12264,-0.007244314892586707,-0.013700249825261168,-0.0010957959147714818,-0.0014062300422268527,-0.00914876570327839,0.0058332776338828754,0.0073795380068548255,0.005926073060069283,0.016349049050096633
MUMINUS,205000.0,206000.0,205500.0,1703,12560,0.0029042356480574786,-0.005136769811157883,0.009701059992128438,-0.0011564220155030702,-0.008436185882913165,0.005812337342515888,0.003126003291327126,0.0046704799121548525,0.014205656090872841
MUMINUS,206000.0,207000.0,206500.0,1719,13154,-0.010866152027413678,-0.018961880717840128,-0.0026375964115586256,0.002183791647204427,-0.005649179430904493,0.009363812873876755,0.01108342031329978,0.008421961022811534,0.021097532119712218
MUMINUS,207000.0,208000.0,207500.0,1765,12348,0.0015100546445369636,-0.0059476359207731415,0.007679493981355845,0.003138528071086009,-0.005043162130514232,0.009821617084440206,0.0034829044607170203,0.004936603382058056,0.01427411399898196
MUMINUS,208000.0,209000.0,208500.0,1754,11949,-0.000954219780116568,-0.008099775390270972,0.005884724422241441,0.0007282822754592036,-0.005550749673306407,0.006723120445358816,0.001200387629690404,0.004140124880228267,0.012947517800479804
MUMINUS,209000.0,210000.0,209500.0,1730,12528,0.0018840010545369472,-0.005885275653949323,0.008799488343470184,0.006771092699380816,4.361561090671612e-05,0.013703898223485425,0.007028311057224524,0.005413816659898873,0.016348350922128288
MUMINUS,210000.0,211000.0,210500.0,1717,12493,0.0021408953616893415,-0.004626455229907742,0.009049700901873325,0.0002502498037976962,-0.006063408130209064,0.007053302918004757,0.002155471622175463,0.004047620964392566,0.013591415241959216
MUMINUS,211000.0,212000.0,211500.0,1657,12434,-0.010753482071933492,-0.017388063253325238,-0.003903736632929439,0.00435431573778671,-0.002129028676715223,0.010780690933315339,0.011601613776355945,0.00782874203838674,0.019137288501833646
MUMINUS,212000.0,213000.0,212500.0,1711,13406,0.007490838442690857,0.0008178350627416815,0.01447452148650235,0.00516190290682326,-0.0013882106303028917,0.010525099214384803,0.009097137032823327,0.006298247081155339,0.016957442244039132
MUMINUS,213000.0,214000.0,213500.0,1648,12631,0.0029621615788437347,-0.004430954449738745,0.009583651144583571,-0.00711726123511899,-0.014332763901785395,-0.0016223388108271804,0.007709073141961068,0.005799019489632754,0.01666737654283517
MUMINUS,214000.0,215000.0,214500.0,1661,12874,0.0028644743403304467,-0.0037181050439349496,0.00937690344228756,-0.0063527797720182005,-0.012746125677496379,-0.0011010013948897922,0.006968717534681339,0.005091932988585811,0.015557238460589965
MUMINUS,215000.0,216000.0,215500.0,1761,12668,0.0043913599862267505,-0.004002360628699453,0.012337894820283489,-0.007568865806768313,-0.014846111713756893,-0.001307793360579907,0.008750529819930903,0.006566706906425447,0.018256717196039652
MUMINUS,216000.0,217000.0,216500.0,1686,11808,0.0024392192184422594,-0.004582506466122104,0.009106701840526971,0.002906152366365885,-0.0033689849907000457,0.009261607472966046,0.003794141796526864,0.004105738272472656,0.01427975196453376
MUMINUS,217000.0,218000.0,217500.0,1708,12859,0.0051758312000373535,-0.002017045231189457,0.012173781208017691,-0.00807520605287171,-0.014838171170235875,-0.00114911683395434,0.009591568245475607,0.00677290362201893,0.01880694092081647
MUMINUS,218000.0,219000.0,218500.0,1733,11624,-0.0004432316103119382,-0.006553742342204117,0.006013262200244973,0.0001916956745909898,-0.007276847414183316,0.007761609504042828,0.0004829094035495773,0.004294650123897123,0.01312789415480112
MUMINUS,219000.0,220000.0,219500.0,1710,12446,-0.008475486260379148,-0.015441617263164353,-0.0014638679794740735,0.0006745541645845788,-0.005547269897960293,0.008654074247539554,0.008502287378748974,0.005695270830746616,0.017912248504267262
MUMINUS,220000.0,221000.0,220500.0,1692,11454,-0.005655853039550492,-0.012825528352159495,0.0014663279528773236,0.006906144281981841,-0.0002699557945242888,0.015016384100988923,0.008926561625202787,0.006149049969801887,0.0194358420506806
MUMINUS,221000.0,222000.0,221500.0,1691,12032,0.007292889375812495,-1.1526186317265348e-05,0.014695845762948162,0.006391114374290486,-0.0003972672210222918,0.013421148935442785,0.009697039671626658,0.006381878691398911,0.019169990777745668
MUMINUS,222000.0,223000.0,222500.0,1754,12144,-0.005245710149173489,-0.012320270249371702,0.0021004918505520176,0.01609183789091716,0.009583349990243016,0.022820770209283314,0.016925268732776416,0.012054661280429774,0.024934391699914776
MUMINUS,223000.0,224000.0,223500.0,1707,12656,-0.0015714709389571442,-0.009666687679129338,0.00498467445796174,-0.0007331481388139013,-0.007805584904519172,0.006491375642377469,0.0017340781716615708,0.004815063631929251,0.013927851372345028
MUMINUS,224000.0,225000.0,224500.0,1676,11367,0.003237289961769947,-0.0028286210466281583,0.010341276829970108,0.021306138082290666,0.015017512504410737,0.02814234179898298,0.021550674381053903,0.016254863931794518,0.029338138141372417
MUMINUS,225000.0,226000.0,225500.0,1752,12346,-0.017409782890281472,-0.02446053820563872,-0.010183389703526361,-0.004169515877620773,-0.01064746889401425,0.0032728004407006784,0.01790210610348596,0.012254109744157938,0.026235542991351175
MUMINUS,226000.0,227000.0,226500.0,1683,13545,-0.002443502327854339,-0.00897571179905133,0.004301516551570285,-0.0023773660423673207,-0.009669950831179585,0.004355108761559996,0.003409189482212866,0.003998389427726199,0.013629245224112066
MUMINUS,227000.0,228000.0,227500.0,1710,12472,0.004710744110219134,-0.0019382740785136817,0.012052466777910515,0.001378520974966271,-0.005264400369192674,0.007576009092847118,0.004908302165758158,0.004232229464943845,0.014826756021821623
MUMINUS,228000.0,229000.0,228500.0,1697,11511,-0.016219048305801145,-0.02238953895560421,-0.008763196793970925,-0.00830108382297132,-0.01479454888965502,-0.0016179858777063776,0.018219920981769024,0.013432390091647662,0.025448189173676146
MUMINUS,229000.0,230000.0,229500.0,1660,11860,0.0025082353709367576,-0.0038337458947982415,0.008796868894012431,0.01191957485813396,0.0049573889588754375,0.01934082151827165,0.0121806202417889,0.007993467990329422,0.020803539993703084
MUMINUS,230000.0,231000.0,230500.0,1743,13455,-0.009070584337881889,-0.01460682211624179,-0.0029706904777666234,0.0018853404480546564,-0.005036605336144603,0.008743409269911098,0.009264448652548038,0.0065320918802809,0.01732082200365717
MUMINUS,231000.0,232000.0,231500.0,1673,12787,-0.0030799277402053958,-0.009947342812758192,0.0038765290825225774,0.008919757840877259,0.001732757832432753,0.015633110894575072,0.009436526629262382,0.006293322974334723,0.01866669144931812
MUMINUS,232000.0,233000.0,232500.0,1695,12976,-0.001377033764443576,-0.007844730377201119,0.005551221547400356,0.001295954164177312,-0.004890444982952451,0.007280358660138318,0.001890957213705842,0.0033017379931953687,0.013021081775858716
MUMINUS,233000.0,234000.0,233500.0,1676,12497,0.007724567725462044,0.001159113769227076,0.014518711912857911,-0.007835588870275243,-0.014496002568889641,-0.0006960280824460882,0.011002972302484048,0.00660091579547126,0.019460471765468546
MUMINUS,234000.0,235000.0,234500.0,1636,11929,-0.004478053524992432,-0.012347404516651356,0.0024245245198177435,-0.0017369847214615411,-0.009570114434348095,0.005733854653753269,0.004803132237955559,0.0047641827391164005,0.016054986775154254
MUMINUS,235000.0,236000.0,235500.0,1785,12983,0.0020990882693748764,-0.005120156568882151,0.009463549331490252,-2.9274945030386964e-05,-0.006147618695260561,0.007080544063108114,0.0020992924010327257,0.004301633830808394,0.013517265370444771
MUMINUS,236000.0,237000.0,236500.0,1676,11350,0.0128961668148345,0.006241156040597839,0.020232024703386395,-0.004309073582946504,-0.012413560654663256,0.002741386725265137,0.013597030325011637,0.009798643023385347,0.022783856178324763
MUMINUS,237000.0,238000.0,237500.0,1814,15203,0.003527951302567676,-0.00248022945643406,0.009960570570182249,-0.00046136060007022573,-0.007214133538630709,0.0068937993127729455,0.0035579901625195816,0.004537592422870965,0.013756547136618606
MUMINUS,238000.0,239000.0,238500.0,1737,13090,0.0051685312943638186,-0.0013726476881742143,0.011982909374531938,-0.009422646377910352,-0.01655151113251313,-0.003897329750357857,0.010747091723064673,0.007272145518265439,0.019173083284406926
MUMINUS,239000.0,240000.0,239500.0,1688,12338,0.003962274631074097,-0.0021113808241444887,0.011878630450280234,0.0005784982864554487,-0.005451426664082065,0.006909670646304794,0.004004282772168476,0.004257575423449248,0.013832534056785764
