{
  "auc": 0.999952,
  "score_std": 0.49322360823344724,
  "score_range": 0.9999999999252249
}