epoch,train_loss,val_auc,seconds
0,0.7186726927757263,0.49,34.1
1,0.7017706230282783,0.49,30.6
2,0.6951192557811737,0.49,29.4
3,0.6958435028791428,0.51,31.5
4,0.6945630460977554,0.51,30.2
5,0.6942475944757461,0.505,31.5
6,0.6941300198435784,0.5,29.4
7,0.6937879234552383,0.5,29.6
8,0.6943028852343559,0.5,30.2
9,0.6941735461354256,0.5,30.7
10,0.6950553372502327,0.505,30.0
11,0.6937112599611283,0.495,31.0
12,0.6944331705570221,0.5,30.6
13,0.6942523553967476,0.51,28.9
