epoch,train_loss,val_auc,seconds
0,0.7188207156956196,0.51,34.1
1,0.700576876103878,0.505,30.6
2,0.6965050265192986,0.49,29.4
3,0.6962678790092468,0.5,31.4
4,0.694752824306488,0.5,30.3
5,0.6945096239447593,0.51,31.4
6,0.6944863051176071,0.49,29.5
7,0.6939745739102363,0.51,29.8
8,0.6944420963525773,0.485,30.3
9,0.6939588233828544,0.49,30.9
10,0.6944286525249481,0.505,30.1
